timestamp,src_name,src_lat,src_lng,dst_name,dst_lat,dst_lng,severity,attack_type
2025-06-25T07:01:44Z,"Berlin, DE",52.52,13.405,"Madrid, ES",40.4168,-3.7038,0.43,XSS
2025-06-25T17:42:33Z,"San Francisco, US",37.7749,-122.4194,"Mexico City, MX",19.4326,-99.1332,0.8,Ransomware
2025-06-25T19:36:30Z,"Tehran, IR",35.6892,51.389,"Cairo, EG",30.0444,31.2357,0.64,SQLi
2025-06-26T04:17:08Z,"Cairo, EG",30.0444,31.2357,"Madrid, ES",40.4168,-3.7038,0.8,XSS
2025-06-26T18:56:02Z,"Mumbai, IN",19.076,72.8777,"Lagos, NG",6.5244,3.3792,0.56,DDoS
2025-06-26T09:57:01Z,"Dubai, AE",25.2048,55.2708,"Tel Aviv, IL",32.0853,34.7818,0.65,Botnet
2025-06-26T17:38:44Z,"Mumbai, IN",19.076,72.8777,"Los Angeles, US",34.0522,-118.2437,0.45,XSS
2025-06-25T03:51:51Z,"Istanbul, TR",41.0082,28.9784,"London, GB",51.5074,-0.1278,0.71,SQLi
2025-06-26T10:00:58Z,"Tehran, IR",35.6892,51.389,"São Paulo, BR",-23.55,-46.633,0.72,Malware
2025-06-25T03:14:38Z,"Singapore, SG",1.3521,103.8198,"Buenos Aires, AR",-34.6037,-58.3816,0.97,SQLi
2025-06-25T01:07:32Z,"Singapore, SG",1.3521,103.8198,"Seoul, KR",37.5665,126.978,0.95,SQLi
2025-06-25T16:52:34Z,"Rome, IT",41.9028,12.4964,"Chicago, US",41.8781,-87.6298,0.66,Data Breach
2025-06-26T05:44:10Z,"San Francisco, US",37.7749,-122.4194,"Tehran, IR",35.6892,51.389,0.37,Phishing
2025-06-25T20:23:49Z,"Bangkok, TH",13.7563,100.5018,"Amsterdam, NL",52.3676,4.9041,0.65,Ransomware
2025-06-25T19:40:43Z,"Beijing, CN",39.9042,116.4074,"Amsterdam, NL",52.3676,4.9041,0.58,Data Breach
2025-06-25T16:16:10Z,"Buenos Aires, AR",-34.6037,-58.3816,"Seoul, KR",37.5665,126.978,0.71,Brute Force
2025-06-25T23:28:40Z,"Tokyo, JP",35.6762,139.6503,"Sydney, AU",-33.8688,151.2093,0.74,SQLi
2025-06-25T15:19:10Z,"Berlin, DE",52.52,13.405,"Amsterdam, NL",52.3676,4.9041,0.89,XSS
2025-06-25T18:04:19Z,"Tehran, IR",35.6892,51.389,"Istanbul, TR",41.0082,28.9784,0.9,Data Breach
2025-06-25T19:09:35Z,"Los Angeles, US",34.0522,-118.2437,"Tokyo, JP",35.6762,139.6503,0.73,Malware
2025-06-25T11:57:30Z,"Tel Aviv, IL",32.0853,34.7818,"Mumbai, IN",19.076,72.8777,0.67,Botnet
2025-06-26T21:42:20Z,"Beijing, CN",39.9042,116.4074,"Moscow, RU",55.7558,37.6176,0.46,Data Breach
2025-06-26T19:36:41Z,"Paris, FR",48.8566,2.3522,"Frankfurt, DE",50.1109,8.6821,0.94,Data Breach
2025-06-26T10:46:16Z,"Toronto, CA",43.6511,-79.3837,"Madrid, ES",40.4168,-3.7038,0.9,Data Breach
2025-06-25T23:14:24Z,"New York, US",40.7128,-74.006,"Singapore, SG",1.3521,103.8198,0.97,Port Scan
2025-06-26T21:06:11Z,"Frankfurt, DE",50.1109,8.6821,"Tel Aviv, IL",32.0853,34.7818,0.67,Ransomware
2025-06-25T17:35:20Z,"Bangkok, TH",13.7563,100.5018,"Berlin, DE",52.52,13.405,0.47,SQLi
2025-06-25T00:56:06Z,"Istanbul, TR",41.0082,28.9784,"Chicago, US",41.8781,-87.6298,0.79,XSS
2025-06-26T13:18:02Z,"Istanbul, TR",41.0082,28.9784,"Cairo, EG",30.0444,31.2357,0.5,Ransomware
2025-06-25T16:15:13Z,"Lagos, NG",6.5244,3.3792,"Mexico City, MX",19.4326,-99.1332,0.71,DDoS
2025-06-26T08:42:47Z,"Beijing, CN",39.9042,116.4074,"Moscow, RU",55.7558,37.6176,0.49,Brute Force
2025-06-26T07:59:52Z,"Tokyo, JP",35.6762,139.6503,"Amsterdam, NL",52.3676,4.9041,0.39,Data Breach
2025-06-26T04:06:56Z,"Chicago, US",41.8781,-87.6298,"Istanbul, TR",41.0082,28.9784,0.42,DDoS
2025-06-25T10:43:11Z,"San Francisco, US",37.7749,-122.4194,"Frankfurt, DE",50.1109,8.6821,0.48,XSS
2025-06-25T19:25:13Z,"Toronto, CA",43.6511,-79.3837,"Amsterdam, NL",52.3676,4.9041,0.5,Ransomware
2025-06-26T15:39:29Z,"Beijing, CN",39.9042,116.4074,"Berlin, DE",52.52,13.405,0.33,DDoS
2025-06-26T06:08:02Z,"Mexico City, MX",19.4326,-99.1332,"Seoul, KR",37.5665,126.978,0.49,Malware
2025-06-26T02:58:52Z,"Buenos Aires, AR",-34.6037,-58.3816,"Cairo, EG",30.0444,31.2357,0.71,Malware
2025-06-26T12:33:22Z,"Paris, FR",48.8566,2.3522,"Rome, IT",41.9028,12.4964,0.9,DDoS
2025-06-25T05:52:23Z,"San Francisco, US",37.7749,-122.4194,"Mumbai, IN",19.076,72.8777,0.81,Malware
2025-06-26T10:07:29Z,"New York, US",40.7128,-74.006,"Moscow, RU",55.7558,37.6176,0.95,Malware
2025-06-26T16:36:19Z,"Berlin, DE",52.52,13.405,"San Francisco, US",37.7749,-122.4194,0.77,XSS
2025-06-25T18:18:39Z,"Lagos, NG",6.5244,3.3792,"Mexico City, MX",19.4326,-99.1332,0.7,Malware
2025-06-26T21:40:03Z,"Madrid, ES",40.4168,-3.7038,"Istanbul, TR",41.0082,28.9784,0.48,Phishing
2025-06-25T12:49:07Z,"São Paulo, BR",-23.55,-46.633,"Cairo, EG",30.0444,31.2357,0.79,Brute Force
2025-06-26T23:49:48Z,"Amsterdam, NL",52.3676,4.9041,"Bangkok, TH",13.7563,100.5018,0.85,Port Scan
2025-06-25T14:04:13Z,"Amsterdam, NL",52.3676,4.9041,"Frankfurt, DE",50.1109,8.6821,0.86,Botnet
2025-06-25T10:54:30Z,"Johannesburg, ZA",-26.2041,28.0473,"Dubai, AE",25.2048,55.2708,0.92,Phishing
2025-06-25T05:07:00Z,"Madrid, ES",40.4168,-3.7038,"Buenos Aires, AR",-34.6037,-58.3816,0.72,Brute Force
2025-06-25T05:30:19Z,"Moscow, RU",55.7558,37.6176,"New York, US",40.7128,-74.006,0.59,SQLi
2025-06-25T11:28:00Z,"Frankfurt, DE",50.1109,8.6821,"Mexico City, MX",19.4326,-99.1332,0.7,XSS
2025-06-25T14:52:35Z,"Beijing, CN",39.9042,116.4074,"Bangkok, TH",13.7563,100.5018,0.92,Botnet
2025-06-26T18:52:53Z,"Cairo, EG",30.0444,31.2357,"Madrid, ES",40.4168,-3.7038,0.33,Ransomware
2025-06-26T00:30:35Z,"Mumbai, IN",19.076,72.8777,"Rome, IT",41.9028,12.4964,0.52,Botnet
2025-06-25T06:21:31Z,"San Francisco, US",37.7749,-122.4194,"Paris, FR",48.8566,2.3522,0.76,Malware
2025-06-26T05:10:02Z,"Seoul, KR",37.5665,126.978,"Singapore, SG",1.3521,103.8198,0.74,SQLi
2025-06-25T06:07:09Z,"Sydney, AU",-33.8688,151.2093,"Seoul, KR",37.5665,126.978,0.96,Botnet
2025-06-26T06:14:06Z,"Istanbul, TR",41.0082,28.9784,"Chicago, US",41.8781,-87.6298,0.89,Ransomware
2025-06-26T01:05:37Z,"Beijing, CN",39.9042,116.4074,"Bangkok, TH",13.7563,100.5018,0.61,XSS
2025-06-26T17:12:44Z,"Mumbai, IN",19.076,72.8777,"Sydney, AU",-33.8688,151.2093,0.76,SQLi
2025-06-26T14:23:53Z,"Paris, FR",48.8566,2.3522,"Mexico City, MX",19.4326,-99.1332,0.39,Malware
2025-06-26T14:11:23Z,"Rome, IT",41.9028,12.4964,"Sydney, AU",-33.8688,151.2093,0.7,Port Scan
2025-06-26T03:55:54Z,"São Paulo, BR",-23.55,-46.633,"Frankfurt, DE",50.1109,8.6821,0.79,Ransomware
2025-06-25T01:45:41Z,"Dubai, AE",25.2048,55.2708,"Buenos Aires, AR",-34.6037,-58.3816,0.95,SQLi
2025-06-26T11:04:01Z,"Buenos Aires, AR",-34.6037,-58.3816,"Istanbul, TR",41.0082,28.9784,0.39,Ransomware
2025-06-25T03:41:05Z,"São Paulo, BR",-23.55,-46.633,"Tehran, IR",35.6892,51.389,0.78,XSS
2025-06-26T14:40:56Z,"Chicago, US",41.8781,-87.6298,"Buenos Aires, AR",-34.6037,-58.3816,0.84,SQLi
2025-06-25T14:10:14Z,"Tehran, IR",35.6892,51.389,"Johannesburg, ZA",-26.2041,28.0473,0.31,XSS
2025-06-26T17:44:24Z,"Lagos, NG",6.5244,3.3792,"Beijing, CN",39.9042,116.4074,0.84,Port Scan
2025-06-25T07:17:11Z,"Frankfurt, DE",50.1109,8.6821,"Rome, IT",41.9028,12.4964,0.87,SQLi
2025-06-26T10:02:15Z,"Mumbai, IN",19.076,72.8777,"Johannesburg, ZA",-26.2041,28.0473,0.64,XSS
2025-06-26T13:52:31Z,"Seoul, KR",37.5665,126.978,"Sydney, AU",-33.8688,151.2093,0.75,SQLi
2025-06-25T22:25:00Z,"Buenos Aires, AR",-34.6037,-58.3816,"Dubai, AE",25.2048,55.2708,0.33,Brute Force
2025-06-25T10:17:15Z,"Sydney, AU",-33.8688,151.2093,"Tokyo, JP",35.6762,139.6503,0.48,Phishing
2025-06-26T09:46:43Z,"Toronto, CA",43.6511,-79.3837,"Buenos Aires, AR",-34.6037,-58.3816,0.4,Ransomware
2025-06-25T16:53:00Z,"Paris, FR",48.8566,2.3522,"Tehran, IR",35.6892,51.389,0.74,Botnet
2025-06-25T17:02:04Z,"Paris, FR",48.8566,2.3522,"Beijing, CN",39.9042,116.4074,0.56,Brute Force
2025-06-26T15:04:11Z,"Sydney, AU",-33.8688,151.2093,"Tokyo, JP",35.6762,139.6503,0.81,Brute Force
2025-06-26T14:03:32Z,"Sydney, AU",-33.8688,151.2093,"Cairo, EG",30.0444,31.2357,0.39,Ransomware
2025-06-26T05:26:49Z,"Amsterdam, NL",52.3676,4.9041,"Lagos, NG",6.5244,3.3792,0.77,Ransomware
2025-06-25T18:20:27Z,"Johannesburg, ZA",-26.2041,28.0473,"Beijing, CN",39.9042,116.4074,0.36,Malware
2025-06-25T18:41:12Z,"Dubai, AE",25.2048,55.2708,"Paris, FR",48.8566,2.3522,0.43,Malware
2025-06-25T03:32:04Z,"Singapore, SG",1.3521,103.8198,"Lagos, NG",6.5244,3.3792,0.73,Ransomware
2025-06-26T15:46:39Z,"Tel Aviv, IL",32.0853,34.7818,"Mumbai, IN",19.076,72.8777,0.98,Phishing
2025-06-25T08:33:31Z,"Tehran, IR",35.6892,51.389,"Buenos Aires, AR",-34.6037,-58.3816,0.95,Brute Force
2025-06-26T07:55:58Z,"Dubai, AE",25.2048,55.2708,"Mexico City, MX",19.4326,-99.1332,0.98,DDoS
2025-06-25T06:03:42Z,"Seoul, KR",37.5665,126.978,"Toronto, CA",43.6511,-79.3837,0.66,Phishing
2025-06-25T07:14:02Z,"Dubai, AE",25.2048,55.2708,"Beijing, CN",39.9042,116.4074,0.48,Data Breach
2025-06-25T02:30:01Z,"Rome, IT",41.9028,12.4964,"Sydney, AU",-33.8688,151.2093,0.88,Ransomware
2025-06-26T19:00:22Z,"Cairo, EG",30.0444,31.2357,"Tel Aviv, IL",32.0853,34.7818,0.71,SQLi
2025-06-25T05:09:53Z,"Cairo, EG",30.0444,31.2357,"Mumbai, IN",19.076,72.8777,0.69,SQLi
2025-06-26T19:31:33Z,"Mumbai, IN",19.076,72.8777,"Tokyo, JP",35.6762,139.6503,0.46,Phishing
2025-06-26T09:16:58Z,"Sydney, AU",-33.8688,151.2093,"Berlin, DE",52.52,13.405,0.7,Ransomware
2025-06-26T17:30:07Z,"Los Angeles, US",34.0522,-118.2437,"Toronto, CA",43.6511,-79.3837,0.57,SQLi
2025-06-26T07:55:16Z,"Beijing, CN",39.9042,116.4074,"Singapore, SG",1.3521,103.8198,0.89,DDoS
2025-06-26T15:32:37Z,"Amsterdam, NL",52.3676,4.9041,"Tel Aviv, IL",32.0853,34.7818,0.8,Ransomware
2025-06-25T17:01:02Z,"Rome, IT",41.9028,12.4964,"Amsterdam, NL",52.3676,4.9041,0.84,Ransomware
2025-06-25T03:23:44Z,"Tel Aviv, IL",32.0853,34.7818,"Rome, IT",41.9028,12.4964,0.32,Phishing
2025-06-25T17:54:58Z,"San Francisco, US",37.7749,-122.4194,"Toronto, CA",43.6511,-79.3837,0.74,Brute Force
2025-06-25T21:27:49Z,"Seoul, KR",37.5665,126.978,"Dubai, AE",25.2048,55.2708,0.53,Data Breach
2025-06-25T22:45:34Z,"Los Angeles, US",34.0522,-118.2437,"Paris, FR",48.8566,2.3522,0.84,Botnet
2025-06-26T20:08:18Z,"Amsterdam, NL",52.3676,4.9041,"London, GB",51.5074,-0.1278,0.46,Botnet
2025-06-25T09:43:43Z,"Frankfurt, DE",50.1109,8.6821,"Singapore, SG",1.3521,103.8198,0.94,Malware
2025-06-25T05:51:54Z,"Sydney, AU",-33.8688,151.2093,"São Paulo, BR",-23.55,-46.633,0.62,Port Scan
2025-06-26T14:41:04Z,"Mumbai, IN",19.076,72.8777,"New York, US",40.7128,-74.006,0.39,Malware
2025-06-26T05:05:08Z,"Sydney, AU",-33.8688,151.2093,"Chicago, US",41.8781,-87.6298,0.4,Malware
2025-06-26T19:03:05Z,"Lagos, NG",6.5244,3.3792,"Amsterdam, NL",52.3676,4.9041,0.96,Ransomware
2025-06-25T22:40:44Z,"Tel Aviv, IL",32.0853,34.7818,"Johannesburg, ZA",-26.2041,28.0473,0.78,DDoS
2025-06-25T02:54:34Z,"New York, US",40.7128,-74.006,"Amsterdam, NL",52.3676,4.9041,0.8,Phishing
2025-06-26T01:34:33Z,"Los Angeles, US",34.0522,-118.2437,"Istanbul, TR",41.0082,28.9784,0.66,Malware
2025-06-25T19:37:45Z,"Sydney, AU",-33.8688,151.2093,"London, GB",51.5074,-0.1278,0.68,XSS
2025-06-26T15:44:08Z,"Moscow, RU",55.7558,37.6176,"Lagos, NG",6.5244,3.3792,0.49,Phishing
2025-06-25T10:37:55Z,"Mumbai, IN",19.076,72.8777,"Johannesburg, ZA",-26.2041,28.0473,0.9,Botnet
2025-06-25T18:30:34Z,"Moscow, RU",55.7558,37.6176,"Cairo, EG",30.0444,31.2357,0.95,Brute Force
2025-06-25T05:09:13Z,"Tokyo, JP",35.6762,139.6503,"Mumbai, IN",19.076,72.8777,0.9,Port Scan
2025-06-25T03:47:03Z,"Seoul, KR",37.5665,126.978,"Madrid, ES",40.4168,-3.7038,0.49,Data Breach
2025-06-26T18:42:30Z,"San Francisco, US",37.7749,-122.4194,"Tel Aviv, IL",32.0853,34.7818,0.63,Port Scan
2025-06-25T13:06:45Z,"Moscow, RU",55.7558,37.6176,"Rome, IT",41.9028,12.4964,0.72,Port Scan
2025-06-26T20:32:34Z,"London, GB",51.5074,-0.1278,"Buenos Aires, AR",-34.6037,-58.3816,0.96,DDoS
2025-06-26T23:25:58Z,"Los Angeles, US",34.0522,-118.2437,"Tehran, IR",35.6892,51.389,0.52,Phishing
2025-06-26T06:21:07Z,"Istanbul, TR",41.0082,28.9784,"Lagos, NG",6.5244,3.3792,0.84,XSS
2025-06-26T17:07:52Z,"Tel Aviv, IL",32.0853,34.7818,"Mexico City, MX",19.4326,-99.1332,0.38,Botnet
2025-06-25T19:56:37Z,"Chicago, US",41.8781,-87.6298,"Cairo, EG",30.0444,31.2357,0.54,Brute Force
2025-06-26T23:02:53Z,"Mumbai, IN",19.076,72.8777,"Johannesburg, ZA",-26.2041,28.0473,0.34,Botnet
2025-06-26T21:34:33Z,"Los Angeles, US",34.0522,-118.2437,"Lagos, NG",6.5244,3.3792,0.92,Ransomware
2025-06-25T02:08:24Z,"São Paulo, BR",-23.55,-46.633,"Madrid, ES",40.4168,-3.7038,0.7,Brute Force
2025-06-25T03:42:32Z,"Buenos Aires, AR",-34.6037,-58.3816,"Sydney, AU",-33.8688,151.2093,0.55,Botnet
2025-06-26T13:24:10Z,"Madrid, ES",40.4168,-3.7038,"Berlin, DE",52.52,13.405,0.39,Port Scan
2025-06-25T06:00:56Z,"Istanbul, TR",41.0082,28.9784,"Toronto, CA",43.6511,-79.3837,0.76,Ransomware
2025-06-26T22:17:32Z,"Tehran, IR",35.6892,51.389,"Dubai, AE",25.2048,55.2708,0.58,SQLi
2025-06-25T00:25:44Z,"Paris, FR",48.8566,2.3522,"Beijing, CN",39.9042,116.4074,0.94,DDoS
2025-06-25T17:08:17Z,"Mexico City, MX",19.4326,-99.1332,"Beijing, CN",39.9042,116.4074,0.57,DDoS
2025-06-25T17:13:53Z,"Bangkok, TH",13.7563,100.5018,"Tokyo, JP",35.6762,139.6503,0.45,SQLi
2025-06-25T00:38:14Z,"New York, US",40.7128,-74.006,"Dubai, AE",25.2048,55.2708,0.62,SQLi
2025-06-26T15:06:07Z,"New York, US",40.7128,-74.006,"Los Angeles, US",34.0522,-118.2437,0.47,SQLi
2025-06-25T15:46:49Z,"Amsterdam, NL",52.3676,4.9041,"Berlin, DE",52.52,13.405,0.53,SQLi
2025-06-26T22:15:07Z,"Cairo, EG",30.0444,31.2357,"Frankfurt, DE",50.1109,8.6821,0.99,Ransomware
2025-06-25T10:26:56Z,"Tokyo, JP",35.6762,139.6503,"Los Angeles, US",34.0522,-118.2437,0.72,Brute Force
2025-06-26T09:32:31Z,"Bangkok, TH",13.7563,100.5018,"Chicago, US",41.8781,-87.6298,0.79,DDoS
2025-06-25T02:50:09Z,"San Francisco, US",37.7749,-122.4194,"São Paulo, BR",-23.55,-46.633,0.58,SQLi
2025-06-26T15:07:05Z,"New York, US",40.7128,-74.006,"Los Angeles, US",34.0522,-118.2437,0.84,Brute Force
2025-06-26T05:48:31Z,"Madrid, ES",40.4168,-3.7038,"Johannesburg, ZA",-26.2041,28.0473,0.75,Brute Force
2025-06-26T22:01:00Z,"Buenos Aires, AR",-34.6037,-58.3816,"Paris, FR",48.8566,2.3522,0.41,Ransomware
2025-06-25T13:01:56Z,"Toronto, CA",43.6511,-79.3837,"London, GB",51.5074,-0.1278,0.9,Malware
2025-06-25T15:55:54Z,"Bangkok, TH",13.7563,100.5018,"Beijing, CN",39.9042,116.4074,0.74,Malware
2025-06-25T12:31:42Z,"Amsterdam, NL",52.3676,4.9041,"Chicago, US",41.8781,-87.6298,0.56,DDoS
2025-06-25T01:22:47Z,"Sydney, AU",-33.8688,151.2093,"Moscow, RU",55.7558,37.6176,0.97,Data Breach
2025-06-25T17:23:14Z,"Singapore, SG",1.3521,103.8198,"Frankfurt, DE",50.1109,8.6821,0.36,Brute Force
2025-06-26T12:33:56Z,"Sydney, AU",-33.8688,151.2093,"Cairo, EG",30.0444,31.2357,0.74,Botnet
2025-06-25T10:30:29Z,"Madrid, ES",40.4168,-3.7038,"Seoul, KR",37.5665,126.978,0.5,Port Scan
2025-06-25T09:22:49Z,"Amsterdam, NL",52.3676,4.9041,"Istanbul, TR",41.0082,28.9784,0.38,XSS
2025-06-25T20:08:49Z,"Toronto, CA",43.6511,-79.3837,"Cairo, EG",30.0444,31.2357,0.76,Data Breach
2025-06-26T17:16:40Z,"Dubai, AE",25.2048,55.2708,"Beijing, CN",39.9042,116.4074,0.57,Ransomware
2025-06-25T05:27:44Z,"Tehran, IR",35.6892,51.389,"Madrid, ES",40.4168,-3.7038,0.35,Brute Force
2025-06-26T11:54:51Z,"Mumbai, IN",19.076,72.8777,"Paris, FR",48.8566,2.3522,0.86,SQLi
2025-06-26T04:34:20Z,"Los Angeles, US",34.0522,-118.2437,"San Francisco, US",37.7749,-122.4194,0.91,SQLi
2025-06-26T20:41:58Z,"Sydney, AU",-33.8688,151.2093,"Mumbai, IN",19.076,72.8777,1.0,Ransomware
2025-06-26T14:07:14Z,"Cairo, EG",30.0444,31.2357,"New York, US",40.7128,-74.006,0.4,Botnet
2025-06-26T21:43:22Z,"Cairo, EG",30.0444,31.2357,"Seoul, KR",37.5665,126.978,0.47,Brute Force
2025-06-25T16:29:17Z,"São Paulo, BR",-23.55,-46.633,"Frankfurt, DE",50.1109,8.6821,0.48,DDoS
2025-06-26T13:26:31Z,"Bangkok, TH",13.7563,100.5018,"Cairo, EG",30.0444,31.2357,0.66,Phishing
2025-06-25T20:55:08Z,"Bangkok, TH",13.7563,100.5018,"Toronto, CA",43.6511,-79.3837,0.91,Port Scan
2025-06-25T13:18:59Z,"Rome, IT",41.9028,12.4964,"Los Angeles, US",34.0522,-118.2437,0.78,Port Scan
2025-06-25T04:51:31Z,"Paris, FR",48.8566,2.3522,"Buenos Aires, AR",-34.6037,-58.3816,0.86,SQLi
2025-06-25T01:44:09Z,"Los Angeles, US",34.0522,-118.2437,"Tehran, IR",35.6892,51.389,0.34,DDoS
2025-06-25T20:23:49Z,"Buenos Aires, AR",-34.6037,-58.3816,"Chicago, US",41.8781,-87.6298,0.68,Ransomware
2025-06-26T22:20:53Z,"Buenos Aires, AR",-34.6037,-58.3816,"Johannesburg, ZA",-26.2041,28.0473,0.85,DDoS
2025-06-25T15:09:24Z,"Chicago, US",41.8781,-87.6298,"Frankfurt, DE",50.1109,8.6821,0.42,Data Breach
2025-06-26T17:53:44Z,"Moscow, RU",55.7558,37.6176,"Los Angeles, US",34.0522,-118.2437,0.96,Botnet
2025-06-26T15:50:25Z,"Tehran, IR",35.6892,51.389,"Chicago, US",41.8781,-87.6298,0.87,DDoS
2025-06-26T20:25:32Z,"London, GB",51.5074,-0.1278,"Amsterdam, NL",52.3676,4.9041,1.0,SQLi
2025-06-26T09:35:50Z,"São Paulo, BR",-23.55,-46.633,"Paris, FR",48.8566,2.3522,0.78,Malware
2025-06-25T21:54:39Z,"Toronto, CA",43.6511,-79.3837,"Madrid, ES",40.4168,-3.7038,0.68,Ransomware
2025-06-25T00:20:23Z,"São Paulo, BR",-23.55,-46.633,"Seoul, KR",37.5665,126.978,0.78,Brute Force
2025-06-26T11:12:47Z,"Tokyo, JP",35.6762,139.6503,"Cairo, EG",30.0444,31.2357,0.51,Data Breach
2025-06-25T08:23:16Z,"Tel Aviv, IL",32.0853,34.7818,"Rome, IT",41.9028,12.4964,0.36,Brute Force
2025-06-26T14:36:04Z,"Tel Aviv, IL",32.0853,34.7818,"Paris, FR",48.8566,2.3522,0.52,Ransomware
2025-06-26T15:30:43Z,"Bangkok, TH",13.7563,100.5018,"San Francisco, US",37.7749,-122.4194,0.34,DDoS
2025-06-25T15:20:48Z,"Beijing, CN",39.9042,116.4074,"San Francisco, US",37.7749,-122.4194,0.33,Ransomware
2025-06-26T15:54:59Z,"Mexico City, MX",19.4326,-99.1332,"Seoul, KR",37.5665,126.978,0.54,Port Scan
2025-06-25T13:13:36Z,"Tel Aviv, IL",32.0853,34.7818,"Paris, FR",48.8566,2.3522,0.66,Botnet
2025-06-25T10:20:58Z,"Amsterdam, NL",52.3676,4.9041,"Lagos, NG",6.5244,3.3792,0.58,XSS
2025-06-25T14:27:52Z,"Chicago, US",41.8781,-87.6298,"Tel Aviv, IL",32.0853,34.7818,0.46,XSS
2025-06-25T12:53:48Z,"Chicago, US",41.8781,-87.6298,"Los Angeles, US",34.0522,-118.2437,0.61,Malware
2025-06-25T00:17:43Z,"Madrid, ES",40.4168,-3.7038,"Bangkok, TH",13.7563,100.5018,0.66,Data Breach
2025-06-26T18:14:53Z,"Lagos, NG",6.5244,3.3792,"Tehran, IR",35.6892,51.389,0.58,Port Scan
2025-06-26T04:10:28Z,"Johannesburg, ZA",-26.2041,28.0473,"Lagos, NG",6.5244,3.3792,0.59,XSS
2025-06-26T09:05:39Z,"Buenos Aires, AR",-34.6037,-58.3816,"Mexico City, MX",19.4326,-99.1332,0.89,Data Breach
2025-06-25T15:00:50Z,"Seoul, KR",37.5665,126.978,"San Francisco, US",37.7749,-122.4194,0.72,Port Scan
2025-06-25T05:26:31Z,"Rome, IT",41.9028,12.4964,"Dubai, AE",25.2048,55.2708,0.88,Phishing
2025-06-26T18:06:52Z,"Tokyo, JP",35.6762,139.6503,"Mexico City, MX",19.4326,-99.1332,0.86,Brute Force
2025-06-26T00:48:15Z,"Frankfurt, DE",50.1109,8.6821,"Tehran, IR",35.6892,51.389,0.45,DDoS
2025-06-25T07:28:15Z,"Mumbai, IN",19.076,72.8777,"Bangkok, TH",13.7563,100.5018,0.92,SQLi
2025-06-26T03:03:52Z,"Los Angeles, US",34.0522,-118.2437,"Madrid, ES",40.4168,-3.7038,0.81,Botnet
2025-06-26T06:23:08Z,"Lagos, NG",6.5244,3.3792,"Madrid, ES",40.4168,-3.7038,0.94,Port Scan
2025-06-26T02:54:49Z,"Cairo, EG",30.0444,31.2357,"Tel Aviv, IL",32.0853,34.7818,0.8,Ransomware
2025-06-26T03:39:35Z,"Mumbai, IN",19.076,72.8777,"Chicago, US",41.8781,-87.6298,0.55,Botnet
2025-06-25T10:20:09Z,"Rome, IT",41.9028,12.4964,"Tel Aviv, IL",32.0853,34.7818,0.76,Ransomware
2025-06-26T00:41:15Z,"Bangkok, TH",13.7563,100.5018,"Moscow, RU",55.7558,37.6176,0.65,Ransomware
2025-06-26T12:48:51Z,"Singapore, SG",1.3521,103.8198,"Rome, IT",41.9028,12.4964,0.56,Data Breach
2025-06-26T04:43:09Z,"Sydney, AU",-33.8688,151.2093,"Rome, IT",41.9028,12.4964,0.32,SQLi
2025-06-26T20:31:17Z,"Toronto, CA",43.6511,-79.3837,"San Francisco, US",37.7749,-122.4194,0.66,Phishing
2025-06-25T06:40:07Z,"Singapore, SG",1.3521,103.8198,"Dubai, AE",25.2048,55.2708,0.43,DDoS
2025-06-26T04:37:54Z,"São Paulo, BR",-23.55,-46.633,"Chicago, US",41.8781,-87.6298,0.98,Data Breach
2025-06-26T03:03:23Z,"Sydney, AU",-33.8688,151.2093,"Amsterdam, NL",52.3676,4.9041,0.58,Botnet
2025-06-26T22:44:38Z,"Johannesburg, ZA",-26.2041,28.0473,"London, GB",51.5074,-0.1278,0.98,SQLi
2025-06-25T21:59:10Z,"London, GB",51.5074,-0.1278,"Istanbul, TR",41.0082,28.9784,0.78,XSS
2025-06-25T06:02:31Z,"Berlin, DE",52.52,13.405,"Toronto, CA",43.6511,-79.3837,0.74,Malware
2025-06-25T11:01:00Z,"Mumbai, IN",19.076,72.8777,"Lagos, NG",6.5244,3.3792,0.34,DDoS
2025-06-26T02:21:08Z,"New York, US",40.7128,-74.006,"Toronto, CA",43.6511,-79.3837,0.94,XSS
2025-06-26T12:01:19Z,"Lagos, NG",6.5244,3.3792,"Berlin, DE",52.52,13.405,0.31,DDoS
2025-06-26T01:24:21Z,"Cairo, EG",30.0444,31.2357,"Tehran, IR",35.6892,51.389,0.3,DDoS
2025-06-25T15:49:10Z,"Tel Aviv, IL",32.0853,34.7818,"Buenos Aires, AR",-34.6037,-58.3816,0.82,XSS
2025-06-26T03:17:43Z,"Amsterdam, NL",52.3676,4.9041,"San Francisco, US",37.7749,-122.4194,0.53,Data Breach
2025-06-26T12:05:47Z,"Johannesburg, ZA",-26.2041,28.0473,"New York, US",40.7128,-74.006,0.34,Data Breach
2025-06-26T07:04:43Z,"Tehran, IR",35.6892,51.389,"Amsterdam, NL",52.3676,4.9041,0.58,Botnet
2025-06-26T20:50:47Z,"Dubai, AE",25.2048,55.2708,"Sydney, AU",-33.8688,151.2093,0.32,DDoS
2025-06-26T16:19:50Z,"Sydney, AU",-33.8688,151.2093,"Beijing, CN",39.9042,116.4074,0.97,Port Scan
2025-06-25T12:35:59Z,"Lagos, NG",6.5244,3.3792,"Johannesburg, ZA",-26.2041,28.0473,0.68,Ransomware
2025-06-25T21:40:26Z,"Amsterdam, NL",52.3676,4.9041,"Singapore, SG",1.3521,103.8198,0.63,Phishing
2025-06-25T05:50:45Z,"Lagos, NG",6.5244,3.3792,"Madrid, ES",40.4168,-3.7038,0.91,Phishing
2025-06-26T11:17:26Z,"Seoul, KR",37.5665,126.978,"San Francisco, US",37.7749,-122.4194,0.36,Malware
2025-06-25T05:43:34Z,"Beijing, CN",39.9042,116.4074,"Tokyo, JP",35.6762,139.6503,0.3,DDoS
2025-06-26T15:24:43Z,"Tehran, IR",35.6892,51.389,"Lagos, NG",6.5244,3.3792,0.44,Malware
2025-06-25T17:38:40Z,"Sydney, AU",-33.8688,151.2093,"Amsterdam, NL",52.3676,4.9041,0.99,DDoS
2025-06-25T22:40:15Z,"Tehran, IR",35.6892,51.389,"Mexico City, MX",19.4326,-99.1332,0.99,Port Scan
2025-06-26T16:02:17Z,"Moscow, RU",55.7558,37.6176,"Johannesburg, ZA",-26.2041,28.0473,0.81,Ransomware
2025-06-25T13:31:25Z,"Johannesburg, ZA",-26.2041,28.0473,"Cairo, EG",30.0444,31.2357,0.95,Port Scan
2025-06-26T13:57:13Z,"Moscow, RU",55.7558,37.6176,"Singapore, SG",1.3521,103.8198,0.74,Port Scan
2025-06-26T17:00:11Z,"Tokyo, JP",35.6762,139.6503,"Buenos Aires, AR",-34.6037,-58.3816,0.42,Port Scan
2025-06-26T15:15:30Z,"Cairo, EG",30.0444,31.2357,"Mexico City, MX",19.4326,-99.1332,0.71,Data Breach
2025-06-26T01:48:33Z,"Sydney, AU",-33.8688,151.2093,"Frankfurt, DE",50.1109,8.6821,0.64,XSS
2025-06-25T10:11:30Z,"Seoul, KR",37.5665,126.978,"Berlin, DE",52.52,13.405,0.96,Phishing
2025-06-25T09:19:43Z,"Lagos, NG",6.5244,3.3792,"Dubai, AE",25.2048,55.2708,0.48,Port Scan
2025-06-26T12:32:19Z,"Bangkok, TH",13.7563,100.5018,"Chicago, US",41.8781,-87.6298,0.6,Phishing
2025-06-25T04:16:44Z,"São Paulo, BR",-23.55,-46.633,"Berlin, DE",52.52,13.405,0.5,Botnet
2025-06-25T22:19:37Z,"Beijing, CN",39.9042,116.4074,"Tokyo, JP",35.6762,139.6503,0.39,XSS
2025-06-25T19:34:07Z,"Sydney, AU",-33.8688,151.2093,"Tehran, IR",35.6892,51.389,0.37,XSS
2025-06-25T03:17:50Z,"Berlin, DE",52.52,13.405,"Buenos Aires, AR",-34.6037,-58.3816,0.34,XSS
2025-06-25T20:44:15Z,"Paris, FR",48.8566,2.3522,"Mexico City, MX",19.4326,-99.1332,0.96,Data Breach
2025-06-26T01:46:47Z,"Mexico City, MX",19.4326,-99.1332,"Tel Aviv, IL",32.0853,34.7818,0.48,XSS
2025-06-25T20:54:53Z,"Johannesburg, ZA",-26.2041,28.0473,"Mumbai, IN",19.076,72.8777,0.68,SQLi
2025-06-25T22:34:17Z,"Madrid, ES",40.4168,-3.7038,"Rome, IT",41.9028,12.4964,0.5,Botnet
2025-06-25T15:54:41Z,"Beijing, CN",39.9042,116.4074,"Johannesburg, ZA",-26.2041,28.0473,0.84,Malware
2025-06-25T20:28:19Z,"Mumbai, IN",19.076,72.8777,"Toronto, CA",43.6511,-79.3837,0.36,Brute Force
2025-06-26T13:20:40Z,"Tehran, IR",35.6892,51.389,"Rome, IT",41.9028,12.4964,0.67,Botnet
2025-06-25T12:01:26Z,"Bangkok, TH",13.7563,100.5018,"Amsterdam, NL",52.3676,4.9041,0.9,SQLi
2025-06-26T11:57:08Z,"Bangkok, TH",13.7563,100.5018,"San Francisco, US",37.7749,-122.4194,0.47,SQLi
2025-06-25T03:15:09Z,"São Paulo, BR",-23.55,-46.633,"Mexico City, MX",19.4326,-99.1332,0.6,Botnet
2025-06-25T19:18:40Z,"Johannesburg, ZA",-26.2041,28.0473,"Mumbai, IN",19.076,72.8777,0.68,Botnet
2025-06-25T20:41:42Z,"Seoul, KR",37.5665,126.978,"Moscow, RU",55.7558,37.6176,0.8,Malware
2025-06-26T04:42:39Z,"Tehran, IR",35.6892,51.389,"Amsterdam, NL",52.3676,4.9041,0.65,XSS
2025-06-26T03:16:29Z,"Istanbul, TR",41.0082,28.9784,"Chicago, US",41.8781,-87.6298,0.79,Data Breach
2025-06-26T12:00:16Z,"Toronto, CA",43.6511,-79.3837,"Johannesburg, ZA",-26.2041,28.0473,0.78,DDoS
2025-06-25T02:45:31Z,"Johannesburg, ZA",-26.2041,28.0473,"São Paulo, BR",-23.55,-46.633,0.52,DDoS
2025-06-26T05:22:34Z,"Tel Aviv, IL",32.0853,34.7818,"London, GB",51.5074,-0.1278,0.78,SQLi
2025-06-25T13:50:58Z,"Seoul, KR",37.5665,126.978,"San Francisco, US",37.7749,-122.4194,0.52,DDoS
2025-06-25T17:45:41Z,"Amsterdam, NL",52.3676,4.9041,"London, GB",51.5074,-0.1278,0.32,Botnet
2025-06-26T04:48:36Z,"Paris, FR",48.8566,2.3522,"San Francisco, US",37.7749,-122.4194,0.95,Brute Force
2025-06-25T20:01:27Z,"Cairo, EG",30.0444,31.2357,"Chicago, US",41.8781,-87.6298,0.54,Malware
2025-06-25T10:14:16Z,"Los Angeles, US",34.0522,-118.2437,"Mumbai, IN",19.076,72.8777,0.75,XSS
2025-06-25T23:18:05Z,"San Francisco, US",37.7749,-122.4194,"London, GB",51.5074,-0.1278,0.38,SQLi
2025-06-25T06:44:55Z,"Dubai, AE",25.2048,55.2708,"Tel Aviv, IL",32.0853,34.7818,0.46,Data Breach
2025-06-26T22:34:36Z,"Berlin, DE",52.52,13.405,"Johannesburg, ZA",-26.2041,28.0473,0.46,DDoS
2025-06-25T01:47:39Z,"Los Angeles, US",34.0522,-118.2437,"Moscow, RU",55.7558,37.6176,0.62,Data Breach
2025-06-25T20:43:10Z,"Lagos, NG",6.5244,3.3792,"Tehran, IR",35.6892,51.389,0.66,DDoS
2025-06-26T02:52:51Z,"Beijing, CN",39.9042,116.4074,"New York, US",40.7128,-74.006,0.8,Ransomware
2025-06-25T01:10:15Z,"Bangkok, TH",13.7563,100.5018,"Dubai, AE",25.2048,55.2708,0.95,XSS
2025-06-26T23:09:29Z,"Istanbul, TR",41.0082,28.9784,"Tel Aviv, IL",32.0853,34.7818,0.55,DDoS
2025-06-26T12:09:51Z,"Tel Aviv, IL",32.0853,34.7818,"Buenos Aires, AR",-34.6037,-58.3816,0.58,Malware
2025-06-26T15:38:18Z,"Cairo, EG",30.0444,31.2357,"Dubai, AE",25.2048,55.2708,0.43,Ransomware
2025-06-25T08:42:25Z,"Frankfurt, DE",50.1109,8.6821,"Bangkok, TH",13.7563,100.5018,0.95,Port Scan
2025-06-25T11:28:19Z,"Singapore, SG",1.3521,103.8198,"New York, US",40.7128,-74.006,0.4,Phishing
2025-06-26T05:55:45Z,"Madrid, ES",40.4168,-3.7038,"San Francisco, US",37.7749,-122.4194,0.43,Data Breach
2025-06-26T10:43:40Z,"Buenos Aires, AR",-34.6037,-58.3816,"Lagos, NG",6.5244,3.3792,0.89,Ransomware
2025-06-26T06:28:07Z,"Dubai, AE",25.2048,55.2708,"Istanbul, TR",41.0082,28.9784,0.99,Data Breach
2025-06-26T12:15:23Z,"Seoul, KR",37.5665,126.978,"Cairo, EG",30.0444,31.2357,0.35,SQLi
2025-06-26T21:42:03Z,"Paris, FR",48.8566,2.3522,"São Paulo, BR",-23.55,-46.633,0.52,Phishing
2025-06-25T06:45:04Z,"Tel Aviv, IL",32.0853,34.7818,"Paris, FR",48.8566,2.3522,0.92,Botnet
2025-06-26T20:43:56Z,"Tokyo, JP",35.6762,139.6503,"Tehran, IR",35.6892,51.389,0.64,DDoS
2025-06-25T18:42:32Z,"Tel Aviv, IL",32.0853,34.7818,"Los Angeles, US",34.0522,-118.2437,0.3,Ransomware
2025-06-26T09:39:20Z,"Tehran, IR",35.6892,51.389,"Frankfurt, DE",50.1109,8.6821,0.54,Phishing
2025-06-25T22:16:05Z,"Buenos Aires, AR",-34.6037,-58.3816,"Tokyo, JP",35.6762,139.6503,0.67,Ransomware
2025-06-25T16:53:32Z,"Seoul, KR",37.5665,126.978,"Singapore, SG",1.3521,103.8198,0.31,SQLi
2025-06-25T05:48:51Z,"Beijing, CN",39.9042,116.4074,"Los Angeles, US",34.0522,-118.2437,0.96,XSS
2025-06-26T05:58:13Z,"London, GB",51.5074,-0.1278,"Berlin, DE",52.52,13.405,0.34,XSS
2025-06-25T15:31:29Z,"New York, US",40.7128,-74.006,"Mexico City, MX",19.4326,-99.1332,0.37,Ransomware
2025-06-25T15:41:09Z,"Buenos Aires, AR",-34.6037,-58.3816,"Madrid, ES",40.4168,-3.7038,0.8,SQLi
2025-06-26T21:37:37Z,"Singapore, SG",1.3521,103.8198,"Bangkok, TH",13.7563,100.5018,0.66,XSS
2025-06-26T02:52:27Z,"Mexico City, MX",19.4326,-99.1332,"Tel Aviv, IL",32.0853,34.7818,0.62,SQLi
2025-06-25T17:32:35Z,"Johannesburg, ZA",-26.2041,28.0473,"Bangkok, TH",13.7563,100.5018,0.6,Data Breach
2025-06-26T16:13:28Z,"Seoul, KR",37.5665,126.978,"Cairo, EG",30.0444,31.2357,0.62,Ransomware
2025-06-25T19:01:42Z,"Buenos Aires, AR",-34.6037,-58.3816,"Rome, IT",41.9028,12.4964,0.75,DDoS
2025-06-25T18:47:17Z,"New York, US",40.7128,-74.006,"Istanbul, TR",41.0082,28.9784,0.36,DDoS
2025-06-26T22:21:24Z,"Sydney, AU",-33.8688,151.2093,"Berlin, DE",52.52,13.405,0.98,DDoS
2025-06-25T09:30:07Z,"London, GB",51.5074,-0.1278,"San Francisco, US",37.7749,-122.4194,0.39,Ransomware
2025-06-26T05:38:37Z,"Madrid, ES",40.4168,-3.7038,"Toronto, CA",43.6511,-79.3837,0.55,Ransomware
2025-06-25T11:41:37Z,"Moscow, RU",55.7558,37.6176,"London, GB",51.5074,-0.1278,0.56,Port Scan
2025-06-25T22:34:38Z,"Toronto, CA",43.6511,-79.3837,"Berlin, DE",52.52,13.405,0.58,Botnet
2025-06-26T04:04:40Z,"Singapore, SG",1.3521,103.8198,"New York, US",40.7128,-74.006,0.98,SQLi
2025-06-26T14:11:26Z,"Lagos, NG",6.5244,3.3792,"Beijing, CN",39.9042,116.4074,0.51,DDoS
2025-06-25T01:55:07Z,"Rome, IT",41.9028,12.4964,"San Francisco, US",37.7749,-122.4194,0.33,XSS
2025-06-26T00:45:21Z,"Rome, IT",41.9028,12.4964,"Johannesburg, ZA",-26.2041,28.0473,0.92,Botnet
2025-06-25T16:33:29Z,"Amsterdam, NL",52.3676,4.9041,"Tel Aviv, IL",32.0853,34.7818,0.74,Phishing
2025-06-26T21:25:14Z,"Cairo, EG",30.0444,31.2357,"Rome, IT",41.9028,12.4964,0.83,Phishing
2025-06-26T23:58:37Z,"Rome, IT",41.9028,12.4964,"Beijing, CN",39.9042,116.4074,0.89,SQLi
2025-06-25T09:37:18Z,"Amsterdam, NL",52.3676,4.9041,"Tel Aviv, IL",32.0853,34.7818,0.65,Ransomware
2025-06-26T08:38:09Z,"Berlin, DE",52.52,13.405,"Istanbul, TR",41.0082,28.9784,0.36,SQLi
2025-06-26T08:55:58Z,"Tehran, IR",35.6892,51.389,"Toronto, CA",43.6511,-79.3837,0.36,Ransomware
2025-06-25T15:20:05Z,"Rome, IT",41.9028,12.4964,"Beijing, CN",39.9042,116.4074,0.75,Botnet
2025-06-25T19:00:40Z,"Mexico City, MX",19.4326,-99.1332,"Dubai, AE",25.2048,55.2708,0.9,SQLi
2025-06-25T10:50:38Z,"Sydney, AU",-33.8688,151.2093,"Cairo, EG",30.0444,31.2357,0.45,Malware
2025-06-25T14:21:13Z,"Mumbai, IN",19.076,72.8777,"Buenos Aires, AR",-34.6037,-58.3816,0.87,Botnet
2025-06-26T22:35:06Z,"São Paulo, BR",-23.55,-46.633,"Dubai, AE",25.2048,55.2708,0.39,Ransomware
2025-06-26T21:32:06Z,"São Paulo, BR",-23.55,-46.633,"Mexico City, MX",19.4326,-99.1332,0.49,XSS
2025-06-25T09:55:13Z,"Johannesburg, ZA",-26.2041,28.0473,"Frankfurt, DE",50.1109,8.6821,0.63,Phishing
2025-06-25T23:45:29Z,"Mumbai, IN",19.076,72.8777,"Paris, FR",48.8566,2.3522,0.43,Phishing
2025-06-26T19:05:02Z,"Bangkok, TH",13.7563,100.5018,"Tel Aviv, IL",32.0853,34.7818,0.78,Ransomware
2025-06-25T01:24:40Z,"Tehran, IR",35.6892,51.389,"Frankfurt, DE",50.1109,8.6821,0.42,Data Breach
2025-06-25T11:47:37Z,"São Paulo, BR",-23.55,-46.633,"Buenos Aires, AR",-34.6037,-58.3816,0.39,Data Breach
2025-06-26T07:21:16Z,"Bangkok, TH",13.7563,100.5018,"Mexico City, MX",19.4326,-99.1332,0.57,Data Breach
2025-06-26T18:19:08Z,"Tehran, IR",35.6892,51.389,"New York, US",40.7128,-74.006,0.82,Port Scan
2025-06-25T16:52:07Z,"Paris, FR",48.8566,2.3522,"Rome, IT",41.9028,12.4964,0.36,SQLi
2025-06-26T11:57:26Z,"Madrid, ES",40.4168,-3.7038,"Bangkok, TH",13.7563,100.5018,0.88,Botnet
2025-06-25T21:04:59Z,"Amsterdam, NL",52.3676,4.9041,"Sydney, AU",-33.8688,151.2093,0.85,Botnet
2025-06-26T22:26:16Z,"Toronto, CA",43.6511,-79.3837,"Beijing, CN",39.9042,116.4074,0.75,Botnet
2025-06-25T23:35:18Z,"Paris, FR",48.8566,2.3522,"London, GB",51.5074,-0.1278,0.56,SQLi
2025-06-26T01:43:04Z,"Buenos Aires, AR",-34.6037,-58.3816,"Bangkok, TH",13.7563,100.5018,0.44,Data Breach
2025-06-26T10:26:11Z,"San Francisco, US",37.7749,-122.4194,"Cairo, EG",30.0444,31.2357,0.85,SQLi
2025-06-26T08:21:54Z,"Berlin, DE",52.52,13.405,"San Francisco, US",37.7749,-122.4194,0.72,XSS
2025-06-26T10:37:25Z,"Istanbul, TR",41.0082,28.9784,"Los Angeles, US",34.0522,-118.2437,0.68,Port Scan
2025-06-25T11:27:37Z,"Sydney, AU",-33.8688,151.2093,"Seoul, KR",37.5665,126.978,0.55,DDoS
2025-06-25T10:45:47Z,"Los Angeles, US",34.0522,-118.2437,"Bangkok, TH",13.7563,100.5018,0.38,Port Scan
2025-06-25T19:24:11Z,"Amsterdam, NL",52.3676,4.9041,"Beijing, CN",39.9042,116.4074,0.66,Port Scan
2025-06-26T22:11:24Z,"Buenos Aires, AR",-34.6037,-58.3816,"Johannesburg, ZA",-26.2041,28.0473,0.49,Phishing
2025-06-26T18:58:21Z,"Cairo, EG",30.0444,31.2357,"Lagos, NG",6.5244,3.3792,0.67,DDoS
2025-06-25T01:28:11Z,"São Paulo, BR",-23.55,-46.633,"Chicago, US",41.8781,-87.6298,0.56,Data Breach
2025-06-26T09:17:41Z,"Seoul, KR",37.5665,126.978,"Berlin, DE",52.52,13.405,0.72,Port Scan
2025-06-26T01:43:42Z,"Chicago, US",41.8781,-87.6298,"Tehran, IR",35.6892,51.389,0.9,XSS
2025-06-26T09:26:29Z,"Lagos, NG",6.5244,3.3792,"London, GB",51.5074,-0.1278,0.63,DDoS
2025-06-25T09:00:26Z,"Mexico City, MX",19.4326,-99.1332,"San Francisco, US",37.7749,-122.4194,0.58,XSS
2025-06-25T19:27:47Z,"Chicago, US",41.8781,-87.6298,"Rome, IT",41.9028,12.4964,0.96,Ransomware
2025-06-26T16:51:41Z,"Berlin, DE",52.52,13.405,"Seoul, KR",37.5665,126.978,0.47,Botnet
2025-06-25T10:34:48Z,"Madrid, ES",40.4168,-3.7038,"Mexico City, MX",19.4326,-99.1332,0.92,SQLi
2025-06-25T22:51:46Z,"Singapore, SG",1.3521,103.8198,"Tehran, IR",35.6892,51.389,0.98,SQLi
2025-06-26T09:30:14Z,"Toronto, CA",43.6511,-79.3837,"Mexico City, MX",19.4326,-99.1332,0.92,Botnet
2025-06-25T09:35:30Z,"São Paulo, BR",-23.55,-46.633,"Frankfurt, DE",50.1109,8.6821,0.4,Brute Force
2025-06-25T18:29:22Z,"Tel Aviv, IL",32.0853,34.7818,"Buenos Aires, AR",-34.6037,-58.3816,0.78,Ransomware
2025-06-25T07:18:28Z,"Singapore, SG",1.3521,103.8198,"Mumbai, IN",19.076,72.8777,0.54,XSS
2025-06-26T05:14:23Z,"Cairo, EG",30.0444,31.2357,"Istanbul, TR",41.0082,28.9784,0.85,DDoS
2025-06-26T17:47:59Z,"Singapore, SG",1.3521,103.8198,"Toronto, CA",43.6511,-79.3837,0.9,XSS
2025-06-25T08:26:24Z,"Tokyo, JP",35.6762,139.6503,"Los Angeles, US",34.0522,-118.2437,0.3,Port Scan
2025-06-26T07:35:12Z,"Tokyo, JP",35.6762,139.6503,"Seoul, KR",37.5665,126.978,0.59,Port Scan
2025-06-26T16:09:46Z,"Mexico City, MX",19.4326,-99.1332,"Toronto, CA",43.6511,-79.3837,0.97,Phishing
2025-06-26T18:35:03Z,"Dubai, AE",25.2048,55.2708,"Frankfurt, DE",50.1109,8.6821,0.55,Botnet
2025-06-25T22:43:45Z,"San Francisco, US",37.7749,-122.4194,"Cairo, EG",30.0444,31.2357,0.57,Botnet
2025-06-26T10:46:45Z,"Los Angeles, US",34.0522,-118.2437,"Tokyo, JP",35.6762,139.6503,0.67,DDoS
2025-06-25T15:26:26Z,"Amsterdam, NL",52.3676,4.9041,"Lagos, NG",6.5244,3.3792,0.53,Brute Force
2025-06-26T18:52:11Z,"London, GB",51.5074,-0.1278,"Madrid, ES",40.4168,-3.7038,0.57,SQLi
2025-06-25T10:54:29Z,"Tehran, IR",35.6892,51.389,"Madrid, ES",40.4168,-3.7038,0.91,Data Breach
2025-06-25T13:40:26Z,"Sydney, AU",-33.8688,151.2093,"San Francisco, US",37.7749,-122.4194,0.85,Malware
2025-06-26T16:43:44Z,"Moscow, RU",55.7558,37.6176,"Berlin, DE",52.52,13.405,0.6,Data Breach
2025-06-26T02:58:39Z,"Berlin, DE",52.52,13.405,"Lagos, NG",6.5244,3.3792,0.8,Botnet
2025-06-25T08:10:46Z,"Mexico City, MX",19.4326,-99.1332,"Tokyo, JP",35.6762,139.6503,0.62,XSS
2025-06-26T17:18:16Z,"Tehran, IR",35.6892,51.389,"Johannesburg, ZA",-26.2041,28.0473,1.0,Botnet
2025-06-26T15:49:42Z,"Tokyo, JP",35.6762,139.6503,"Sydney, AU",-33.8688,151.2093,0.87,Malware
2025-06-25T23:24:12Z,"Berlin, DE",52.52,13.405,"London, GB",51.5074,-0.1278,0.31,Port Scan
2025-06-26T15:50:24Z,"Madrid, ES",40.4168,-3.7038,"New York, US",40.7128,-74.006,0.78,Data Breach
2025-06-25T00:45:36Z,"Buenos Aires, AR",-34.6037,-58.3816,"Mexico City, MX",19.4326,-99.1332,0.91,XSS
2025-06-25T08:43:19Z,"New York, US",40.7128,-74.006,"Johannesburg, ZA",-26.2041,28.0473,0.6,Malware
2025-06-26T19:18:21Z,"Paris, FR",48.8566,2.3522,"Tehran, IR",35.6892,51.389,0.79,Botnet
2025-06-25T18:30:58Z,"São Paulo, BR",-23.55,-46.633,"San Francisco, US",37.7749,-122.4194,0.99,Data Breach
2025-06-26T04:46:56Z,"Lagos, NG",6.5244,3.3792,"Moscow, RU",55.7558,37.6176,0.6,Phishing
2025-06-25T08:21:55Z,"New York, US",40.7128,-74.006,"Berlin, DE",52.52,13.405,0.63,DDoS
2025-06-26T20:07:18Z,"Frankfurt, DE",50.1109,8.6821,"Seoul, KR",37.5665,126.978,0.37,Ransomware
2025-06-25T01:38:55Z,"Paris, FR",48.8566,2.3522,"Madrid, ES",40.4168,-3.7038,0.46,Ransomware
2025-06-26T10:28:43Z,"Berlin, DE",52.52,13.405,"Mexico City, MX",19.4326,-99.1332,0.9,DDoS
2025-06-25T02:03:48Z,"Beijing, CN",39.9042,116.4074,"London, GB",51.5074,-0.1278,0.44,Malware
2025-06-25T11:37:09Z,"Paris, FR",48.8566,2.3522,"Dubai, AE",25.2048,55.2708,0.96,Phishing
2025-06-26T07:34:40Z,"Frankfurt, DE",50.1109,8.6821,"Tel Aviv, IL",32.0853,34.7818,0.79,Botnet
2025-06-25T06:18:23Z,"São Paulo, BR",-23.55,-46.633,"Frankfurt, DE",50.1109,8.6821,0.45,Port Scan
2025-06-25T17:58:58Z,"Los Angeles, US",34.0522,-118.2437,"Buenos Aires, AR",-34.6037,-58.3816,0.99,Ransomware
2025-06-26T22:21:18Z,"London, GB",51.5074,-0.1278,"Cairo, EG",30.0444,31.2357,0.94,DDoS
2025-06-26T04:01:00Z,"Bangkok, TH",13.7563,100.5018,"Seoul, KR",37.5665,126.978,0.69,Port Scan
2025-06-26T13:59:11Z,"Tokyo, JP",35.6762,139.6503,"New York, US",40.7128,-74.006,0.97,Phishing
2025-06-25T12:56:20Z,"London, GB",51.5074,-0.1278,"Cairo, EG",30.0444,31.2357,0.94,Data Breach
2025-06-26T01:53:56Z,"Cairo, EG",30.0444,31.2357,"Los Angeles, US",34.0522,-118.2437,0.37,Botnet
2025-06-25T15:21:30Z,"São Paulo, BR",-23.55,-46.633,"London, GB",51.5074,-0.1278,0.49,XSS
2025-06-26T18:15:29Z,"Dubai, AE",25.2048,55.2708,"Lagos, NG",6.5244,3.3792,0.49,Malware
2025-06-26T02:53:19Z,"Cairo, EG",30.0444,31.2357,"Tehran, IR",35.6892,51.389,0.76,Port Scan
2025-06-25T09:22:08Z,"Tel Aviv, IL",32.0853,34.7818,"Berlin, DE",52.52,13.405,0.34,Port Scan
2025-06-26T22:57:27Z,"Tel Aviv, IL",32.0853,34.7818,"Tokyo, JP",35.6762,139.6503,0.71,SQLi
2025-06-25T16:59:53Z,"Dubai, AE",25.2048,55.2708,"Los Angeles, US",34.0522,-118.2437,0.35,Ransomware
2025-06-26T14:47:01Z,"Chicago, US",41.8781,-87.6298,"Dubai, AE",25.2048,55.2708,0.71,XSS
2025-06-26T20:16:56Z,"New York, US",40.7128,-74.006,"Madrid, ES",40.4168,-3.7038,0.49,XSS
2025-06-26T16:14:52Z,"Sydney, AU",-33.8688,151.2093,"London, GB",51.5074,-0.1278,0.54,Brute Force
2025-06-26T20:21:16Z,"Sydney, AU",-33.8688,151.2093,"Madrid, ES",40.4168,-3.7038,0.37,DDoS
2025-06-26T04:48:12Z,"Singapore, SG",1.3521,103.8198,"Mexico City, MX",19.4326,-99.1332,0.78,Phishing
2025-06-26T14:28:53Z,"San Francisco, US",37.7749,-122.4194,"Paris, FR",48.8566,2.3522,0.67,DDoS
2025-06-25T14:46:53Z,"London, GB",51.5074,-0.1278,"Frankfurt, DE",50.1109,8.6821,0.35,Malware
2025-06-26T12:41:45Z,"Seoul, KR",37.5665,126.978,"Paris, FR",48.8566,2.3522,0.87,SQLi
2025-06-25T18:07:33Z,"Rome, IT",41.9028,12.4964,"Toronto, CA",43.6511,-79.3837,0.66,Brute Force
2025-06-25T17:30:32Z,"Seoul, KR",37.5665,126.978,"Rome, IT",41.9028,12.4964,0.86,Phishing
2025-06-26T03:09:51Z,"Frankfurt, DE",50.1109,8.6821,"Mexico City, MX",19.4326,-99.1332,0.99,Data Breach
2025-06-25T08:21:20Z,"Johannesburg, ZA",-26.2041,28.0473,"New York, US",40.7128,-74.006,0.4,DDoS
2025-06-26T19:21:24Z,"Toronto, CA",43.6511,-79.3837,"Madrid, ES",40.4168,-3.7038,0.7,Port Scan
2025-06-26T22:24:18Z,"Tel Aviv, IL",32.0853,34.7818,"Paris, FR",48.8566,2.3522,0.77,Phishing
2025-06-26T02:04:43Z,"New York, US",40.7128,-74.006,"Seoul, KR",37.5665,126.978,0.56,Port Scan
2025-06-25T07:16:06Z,"São Paulo, BR",-23.55,-46.633,"Tel Aviv, IL",32.0853,34.7818,0.38,Data Breach
2025-06-26T16:49:26Z,"Sydney, AU",-33.8688,151.2093,"Dubai, AE",25.2048,55.2708,0.84,SQLi
2025-06-25T23:50:22Z,"Tokyo, JP",35.6762,139.6503,"London, GB",51.5074,-0.1278,0.86,DDoS
2025-06-25T21:52:16Z,"Frankfurt, DE",50.1109,8.6821,"Dubai, AE",25.2048,55.2708,0.48,SQLi
2025-06-25T10:22:09Z,"Istanbul, TR",41.0082,28.9784,"Mumbai, IN",19.076,72.8777,0.32,Ransomware
2025-06-26T02:46:50Z,"Singapore, SG",1.3521,103.8198,"Dubai, AE",25.2048,55.2708,0.62,Botnet
2025-06-26T21:00:00Z,"Johannesburg, ZA",-26.2041,28.0473,"Mumbai, IN",19.076,72.8777,0.46,Malware
2025-06-26T07:03:42Z,"New York, US",40.7128,-74.006,"Tel Aviv, IL",32.0853,34.7818,0.62,Port Scan
2025-06-26T02:42:44Z,"Bangkok, TH",13.7563,100.5018,"Johannesburg, ZA",-26.2041,28.0473,0.87,Brute Force
2025-06-25T08:48:58Z,"San Francisco, US",37.7749,-122.4194,"Cairo, EG",30.0444,31.2357,0.52,Botnet
2025-06-26T02:48:10Z,"Seoul, KR",37.5665,126.978,"Cairo, EG",30.0444,31.2357,0.47,Botnet
2025-06-25T04:34:27Z,"Los Angeles, US",34.0522,-118.2437,"Amsterdam, NL",52.3676,4.9041,0.54,Brute Force
2025-06-26T21:12:38Z,"Amsterdam, NL",52.3676,4.9041,"Buenos Aires, AR",-34.6037,-58.3816,0.63,SQLi
2025-06-26T11:08:36Z,"Bangkok, TH",13.7563,100.5018,"Moscow, RU",55.7558,37.6176,0.55,Port Scan
2025-06-25T15:49:12Z,"Tehran, IR",35.6892,51.389,"Rome, IT",41.9028,12.4964,0.4,Port Scan
2025-06-26T06:46:55Z,"Chicago, US",41.8781,-87.6298,"San Francisco, US",37.7749,-122.4194,0.64,XSS
2025-06-25T14:58:21Z,"Paris, FR",48.8566,2.3522,"Beijing, CN",39.9042,116.4074,0.5,Port Scan
2025-06-26T11:30:42Z,"São Paulo, BR",-23.55,-46.633,"Buenos Aires, AR",-34.6037,-58.3816,0.55,Malware
2025-06-25T14:56:43Z,"Tehran, IR",35.6892,51.389,"London, GB",51.5074,-0.1278,0.71,Ransomware
2025-06-26T08:25:36Z,"São Paulo, BR",-23.55,-46.633,"London, GB",51.5074,-0.1278,0.62,Botnet
2025-06-26T20:13:04Z,"Chicago, US",41.8781,-87.6298,"Frankfurt, DE",50.1109,8.6821,0.93,Port Scan
2025-06-26T22:58:26Z,"Moscow, RU",55.7558,37.6176,"Singapore, SG",1.3521,103.8198,0.91,DDoS
2025-06-26T21:39:24Z,"Dubai, AE",25.2048,55.2708,"Johannesburg, ZA",-26.2041,28.0473,0.39,Brute Force
2025-06-26T23:14:39Z,"Tel Aviv, IL",32.0853,34.7818,"Sydney, AU",-33.8688,151.2093,0.98,DDoS
2025-06-26T09:20:14Z,"Mexico City, MX",19.4326,-99.1332,"Beijing, CN",39.9042,116.4074,0.44,Ransomware
2025-06-25T22:24:15Z,"Cairo, EG",30.0444,31.2357,"Berlin, DE",52.52,13.405,0.94,DDoS
2025-06-26T08:34:34Z,"Cairo, EG",30.0444,31.2357,"Rome, IT",41.9028,12.4964,0.65,Data Breach
2025-06-25T21:31:39Z,"São Paulo, BR",-23.55,-46.633,"Singapore, SG",1.3521,103.8198,0.57,Phishing
2025-06-26T19:34:10Z,"Tokyo, JP",35.6762,139.6503,"Dubai, AE",25.2048,55.2708,0.56,Port Scan
2025-06-25T08:00:58Z,"Mumbai, IN",19.076,72.8777,"Paris, FR",48.8566,2.3522,0.41,Data Breach
2025-06-26T08:25:26Z,"Rome, IT",41.9028,12.4964,"Mumbai, IN",19.076,72.8777,0.33,Ransomware
2025-06-25T07:37:41Z,"London, GB",51.5074,-0.1278,"Dubai, AE",25.2048,55.2708,0.48,XSS
2025-06-26T02:12:23Z,"São Paulo, BR",-23.55,-46.633,"New York, US",40.7128,-74.006,0.86,Brute Force
2025-06-25T09:57:47Z,"Buenos Aires, AR",-34.6037,-58.3816,"Mumbai, IN",19.076,72.8777,0.46,SQLi
2025-06-26T10:09:12Z,"Johannesburg, ZA",-26.2041,28.0473,"Tehran, IR",35.6892,51.389,0.63,Data Breach
2025-06-26T08:53:00Z,"Berlin, DE",52.52,13.405,"Singapore, SG",1.3521,103.8198,0.83,Ransomware
2025-06-25T15:26:09Z,"Mexico City, MX",19.4326,-99.1332,"Singapore, SG",1.3521,103.8198,0.55,Malware
2025-06-25T17:46:05Z,"Tehran, IR",35.6892,51.389,"Beijing, CN",39.9042,116.4074,0.32,Ransomware
2025-06-26T09:57:57Z,"Tokyo, JP",35.6762,139.6503,"San Francisco, US",37.7749,-122.4194,0.48,Brute Force
2025-06-25T21:27:14Z,"Frankfurt, DE",50.1109,8.6821,"Singapore, SG",1.3521,103.8198,0.57,Data Breach
2025-06-25T02:33:26Z,"Toronto, CA",43.6511,-79.3837,"New York, US",40.7128,-74.006,0.71,Phishing
2025-06-25T22:50:40Z,"Rome, IT",41.9028,12.4964,"Moscow, RU",55.7558,37.6176,0.64,Botnet
2025-06-25T23:07:14Z,"Amsterdam, NL",52.3676,4.9041,"San Francisco, US",37.7749,-122.4194,0.85,DDoS
2025-06-26T11:26:57Z,"Beijing, CN",39.9042,116.4074,"Tehran, IR",35.6892,51.389,0.87,SQLi
2025-06-26T23:13:00Z,"Lagos, NG",6.5244,3.3792,"Mexico City, MX",19.4326,-99.1332,0.81,XSS
2025-06-26T09:58:16Z,"Lagos, NG",6.5244,3.3792,"Bangkok, TH",13.7563,100.5018,0.88,DDoS
2025-06-25T08:14:23Z,"Mexico City, MX",19.4326,-99.1332,"Singapore, SG",1.3521,103.8198,0.58,Phishing
2025-06-25T20:29:49Z,"Toronto, CA",43.6511,-79.3837,"Los Angeles, US",34.0522,-118.2437,0.61,Ransomware
2025-06-25T07:35:28Z,"Seoul, KR",37.5665,126.978,"Sydney, AU",-33.8688,151.2093,0.56,Botnet
2025-06-26T01:39:58Z,"Frankfurt, DE",50.1109,8.6821,"Tokyo, JP",35.6762,139.6503,0.89,Botnet
2025-06-26T16:12:06Z,"Tehran, IR",35.6892,51.389,"Rome, IT",41.9028,12.4964,0.87,Ransomware
2025-06-25T22:31:33Z,"Lagos, NG",6.5244,3.3792,"Seoul, KR",37.5665,126.978,0.83,SQLi
2025-06-25T13:45:05Z,"Chicago, US",41.8781,-87.6298,"Dubai, AE",25.2048,55.2708,0.8,Port Scan
2025-06-26T10:22:59Z,"Toronto, CA",43.6511,-79.3837,"Tel Aviv, IL",32.0853,34.7818,0.49,Malware
2025-06-26T12:02:41Z,"Lagos, NG",6.5244,3.3792,"London, GB",51.5074,-0.1278,0.31,Ransomware
2025-06-26T16:44:45Z,"Mumbai, IN",19.076,72.8777,"Paris, FR",48.8566,2.3522,0.52,Botnet
2025-06-26T17:29:57Z,"Mexico City, MX",19.4326,-99.1332,"Rome, IT",41.9028,12.4964,0.96,Phishing
2025-06-26T10:11:36Z,"Amsterdam, NL",52.3676,4.9041,"Madrid, ES",40.4168,-3.7038,0.46,XSS
2025-06-25T08:48:18Z,"Seoul, KR",37.5665,126.978,"London, GB",51.5074,-0.1278,0.86,XSS
2025-06-25T02:15:47Z,"Bangkok, TH",13.7563,100.5018,"Rome, IT",41.9028,12.4964,0.51,Malware
2025-06-25T00:15:42Z,"Mexico City, MX",19.4326,-99.1332,"Chicago, US",41.8781,-87.6298,0.33,Botnet
2025-06-25T05:11:06Z,"New York, US",40.7128,-74.006,"Dubai, AE",25.2048,55.2708,0.96,Botnet
2025-06-26T04:13:17Z,"Chicago, US",41.8781,-87.6298,"London, GB",51.5074,-0.1278,0.97,Malware
2025-06-26T11:34:46Z,"New York, US",40.7128,-74.006,"São Paulo, BR",-23.55,-46.633,0.78,DDoS
2025-06-25T20:07:34Z,"Mexico City, MX",19.4326,-99.1332,"Johannesburg, ZA",-26.2041,28.0473,0.97,Data Breach
2025-06-26T00:34:39Z,"Istanbul, TR",41.0082,28.9784,"Buenos Aires, AR",-34.6037,-58.3816,0.41,Data Breach
2025-06-26T20:08:48Z,"São Paulo, BR",-23.55,-46.633,"Los Angeles, US",34.0522,-118.2437,0.53,Data Breach
2025-06-25T08:40:10Z,"Lagos, NG",6.5244,3.3792,"Istanbul, TR",41.0082,28.9784,0.75,Brute Force
2025-06-25T18:06:04Z,"Mumbai, IN",19.076,72.8777,"Tokyo, JP",35.6762,139.6503,0.54,Port Scan
2025-06-25T02:09:35Z,"Cairo, EG",30.0444,31.2357,"Buenos Aires, AR",-34.6037,-58.3816,0.41,Port Scan
2025-06-25T16:51:22Z,"New York, US",40.7128,-74.006,"London, GB",51.5074,-0.1278,0.82,Brute Force
2025-06-26T20:58:11Z,"Istanbul, TR",41.0082,28.9784,"Los Angeles, US",34.0522,-118.2437,0.95,DDoS
2025-06-25T19:46:10Z,"Lagos, NG",6.5244,3.3792,"São Paulo, BR",-23.55,-46.633,0.71,DDoS
2025-06-25T23:28:51Z,"Tokyo, JP",35.6762,139.6503,"Beijing, CN",39.9042,116.4074,0.61,Botnet
2025-06-25T00:30:10Z,"Frankfurt, DE",50.1109,8.6821,"Lagos, NG",6.5244,3.3792,0.85,Ransomware
2025-06-25T21:30:11Z,"Bangkok, TH",13.7563,100.5018,"Amsterdam, NL",52.3676,4.9041,0.52,XSS
2025-06-25T18:31:17Z,"Toronto, CA",43.6511,-79.3837,"São Paulo, BR",-23.55,-46.633,0.43,SQLi
2025-06-26T11:36:23Z,"Cairo, EG",30.0444,31.2357,"Toronto, CA",43.6511,-79.3837,0.91,Malware
2025-06-25T23:55:19Z,"Johannesburg, ZA",-26.2041,28.0473,"Seoul, KR",37.5665,126.978,0.98,Ransomware
2025-06-26T00:16:22Z,"London, GB",51.5074,-0.1278,"San Francisco, US",37.7749,-122.4194,0.65,SQLi
2025-06-25T13:06:41Z,"Tel Aviv, IL",32.0853,34.7818,"Rome, IT",41.9028,12.4964,0.45,Data Breach
2025-06-25T19:36:48Z,"Los Angeles, US",34.0522,-118.2437,"Tokyo, JP",35.6762,139.6503,0.41,Port Scan
2025-06-25T10:45:55Z,"Paris, FR",48.8566,2.3522,"Berlin, DE",52.52,13.405,0.42,SQLi
2025-06-25T15:45:20Z,"Cairo, EG",30.0444,31.2357,"Paris, FR",48.8566,2.3522,0.48,Data Breach
2025-06-26T03:02:03Z,"Chicago, US",41.8781,-87.6298,"Singapore, SG",1.3521,103.8198,0.52,Port Scan
2025-06-25T03:20:56Z,"Tokyo, JP",35.6762,139.6503,"Moscow, RU",55.7558,37.6176,0.77,XSS
2025-06-26T07:41:21Z,"Sydney, AU",-33.8688,151.2093,"Amsterdam, NL",52.3676,4.9041,0.57,XSS
2025-06-25T05:35:18Z,"Sydney, AU",-33.8688,151.2093,"San Francisco, US",37.7749,-122.4194,0.35,SQLi
2025-06-26T09:48:23Z,"Berlin, DE",52.52,13.405,"Cairo, EG",30.0444,31.2357,0.86,Port Scan
2025-06-25T06:09:40Z,"Sydney, AU",-33.8688,151.2093,"Madrid, ES",40.4168,-3.7038,0.8,XSS
2025-06-25T19:53:39Z,"Seoul, KR",37.5665,126.978,"Sydney, AU",-33.8688,151.2093,0.87,DDoS
2025-06-26T12:10:01Z,"Toronto, CA",43.6511,-79.3837,"Seoul, KR",37.5665,126.978,0.62,Port Scan
2025-06-25T18:25:02Z,"San Francisco, US",37.7749,-122.4194,"Beijing, CN",39.9042,116.4074,0.52,SQLi
2025-06-25T16:47:54Z,"Paris, FR",48.8566,2.3522,"Madrid, ES",40.4168,-3.7038,0.75,Botnet
2025-06-26T13:24:42Z,"Beijing, CN",39.9042,116.4074,"Sydney, AU",-33.8688,151.2093,0.77,Ransomware
2025-06-25T21:08:19Z,"London, GB",51.5074,-0.1278,"Tehran, IR",35.6892,51.389,0.37,Port Scan
2025-06-25T02:23:23Z,"Madrid, ES",40.4168,-3.7038,"London, GB",51.5074,-0.1278,0.5,DDoS
2025-06-26T08:15:40Z,"Mumbai, IN",19.076,72.8777,"Cairo, EG",30.0444,31.2357,0.55,Ransomware
2025-06-25T22:42:29Z,"Seoul, KR",37.5665,126.978,"Istanbul, TR",41.0082,28.9784,0.66,Malware
2025-06-26T12:39:34Z,"Tel Aviv, IL",32.0853,34.7818,"New York, US",40.7128,-74.006,0.97,XSS
2025-06-26T03:55:34Z,"Mumbai, IN",19.076,72.8777,"Amsterdam, NL",52.3676,4.9041,0.33,Ransomware
2025-06-26T03:46:51Z,"Rome, IT",41.9028,12.4964,"Berlin, DE",52.52,13.405,0.4,SQLi
2025-06-25T01:34:25Z,"Toronto, CA",43.6511,-79.3837,"Chicago, US",41.8781,-87.6298,0.66,Botnet
2025-06-25T18:37:21Z,"Tokyo, JP",35.6762,139.6503,"Johannesburg, ZA",-26.2041,28.0473,0.92,DDoS
2025-06-25T08:28:31Z,"Singapore, SG",1.3521,103.8198,"London, GB",51.5074,-0.1278,0.52,Ransomware
2025-06-25T23:25:37Z,"Sydney, AU",-33.8688,151.2093,"Beijing, CN",39.9042,116.4074,0.37,Ransomware
2025-06-26T09:29:38Z,"San Francisco, US",37.7749,-122.4194,"Tel Aviv, IL",32.0853,34.7818,0.6,Ransomware
2025-06-26T00:56:35Z,"Frankfurt, DE",50.1109,8.6821,"Lagos, NG",6.5244,3.3792,0.52,Malware
2025-06-26T03:56:37Z,"Tokyo, JP",35.6762,139.6503,"Toronto, CA",43.6511,-79.3837,0.41,XSS
2025-06-26T14:21:07Z,"Johannesburg, ZA",-26.2041,28.0473,"Tel Aviv, IL",32.0853,34.7818,1.0,Botnet
2025-06-26T06:24:41Z,"London, GB",51.5074,-0.1278,"Tokyo, JP",35.6762,139.6503,0.78,SQLi
2025-06-25T07:15:26Z,"San Francisco, US",37.7749,-122.4194,"Amsterdam, NL",52.3676,4.9041,0.38,Malware
2025-06-26T12:48:47Z,"Istanbul, TR",41.0082,28.9784,"Mexico City, MX",19.4326,-99.1332,0.5,XSS
2025-06-26T15:28:53Z,"Paris, FR",48.8566,2.3522,"Beijing, CN",39.9042,116.4074,0.56,Brute Force
2025-06-26T12:45:01Z,"Mexico City, MX",19.4326,-99.1332,"Tokyo, JP",35.6762,139.6503,0.85,Brute Force
2025-06-25T08:11:06Z,"Johannesburg, ZA",-26.2041,28.0473,"Seoul, KR",37.5665,126.978,0.47,Ransomware
2025-06-26T03:54:20Z,"Istanbul, TR",41.0082,28.9784,"Mumbai, IN",19.076,72.8777,0.56,Data Breach
2025-06-25T09:22:05Z,"Rome, IT",41.9028,12.4964,"New York, US",40.7128,-74.006,0.54,Data Breach
2025-06-26T15:05:54Z,"Paris, FR",48.8566,2.3522,"Madrid, ES",40.4168,-3.7038,0.51,Port Scan
2025-06-26T10:15:20Z,"São Paulo, BR",-23.55,-46.633,"Bangkok, TH",13.7563,100.5018,0.39,Phishing
2025-06-26T16:15:38Z,"Chicago, US",41.8781,-87.6298,"São Paulo, BR",-23.55,-46.633,0.75,DDoS
2025-06-25T13:41:59Z,"Johannesburg, ZA",-26.2041,28.0473,"London, GB",51.5074,-0.1278,0.72,Phishing
2025-06-26T16:30:30Z,"Lagos, NG",6.5244,3.3792,"Istanbul, TR",41.0082,28.9784,0.72,Phishing
2025-06-25T15:25:12Z,"Bangkok, TH",13.7563,100.5018,"Sydney, AU",-33.8688,151.2093,0.42,Phishing
2025-06-26T06:42:07Z,"Cairo, EG",30.0444,31.2357,"Toronto, CA",43.6511,-79.3837,0.82,SQLi
2025-06-26T11:40:20Z,"Buenos Aires, AR",-34.6037,-58.3816,"San Francisco, US",37.7749,-122.4194,0.47,DDoS
2025-06-25T23:30:35Z,"Lagos, NG",6.5244,3.3792,"Beijing, CN",39.9042,116.4074,0.8,Botnet
2025-06-26T21:33:43Z,"Buenos Aires, AR",-34.6037,-58.3816,"Lagos, NG",6.5244,3.3792,0.66,DDoS
2025-06-26T19:21:13Z,"Los Angeles, US",34.0522,-118.2437,"Tehran, IR",35.6892,51.389,0.37,XSS
2025-06-25T18:45:55Z,"Sydney, AU",-33.8688,151.2093,"Berlin, DE",52.52,13.405,0.39,Brute Force
2025-06-26T09:44:53Z,"Paris, FR",48.8566,2.3522,"Seoul, KR",37.5665,126.978,0.98,SQLi
2025-06-26T17:38:17Z,"Tokyo, JP",35.6762,139.6503,"Chicago, US",41.8781,-87.6298,0.5,Data Breach
2025-06-26T17:35:37Z,"Dubai, AE",25.2048,55.2708,"Singapore, SG",1.3521,103.8198,0.45,Port Scan
2025-06-26T22:31:24Z,"Dubai, AE",25.2048,55.2708,"Singapore, SG",1.3521,103.8198,0.3,Brute Force
2025-06-25T13:32:56Z,"London, GB",51.5074,-0.1278,"Buenos Aires, AR",-34.6037,-58.3816,0.96,XSS
2025-06-26T09:59:48Z,"Chicago, US",41.8781,-87.6298,"New York, US",40.7128,-74.006,0.32,Phishing
2025-06-25T03:00:44Z,"New York, US",40.7128,-74.006,"Amsterdam, NL",52.3676,4.9041,0.53,Port Scan
2025-06-26T15:44:48Z,"London, GB",51.5074,-0.1278,"Istanbul, TR",41.0082,28.9784,0.64,Malware
2025-06-25T21:59:30Z,"Lagos, NG",6.5244,3.3792,"Bangkok, TH",13.7563,100.5018,0.96,Botnet
2025-06-26T23:00:50Z,"Cairo, EG",30.0444,31.2357,"Beijing, CN",39.9042,116.4074,0.35,Phishing
2025-06-26T00:39:38Z,"London, GB",51.5074,-0.1278,"Mumbai, IN",19.076,72.8777,0.65,Botnet
2025-06-26T16:44:48Z,"Tokyo, JP",35.6762,139.6503,"Madrid, ES",40.4168,-3.7038,0.95,XSS
2025-06-25T03:44:53Z,"Paris, FR",48.8566,2.3522,"Moscow, RU",55.7558,37.6176,0.38,DDoS
2025-06-25T00:03:44Z,"Beijing, CN",39.9042,116.4074,"Chicago, US",41.8781,-87.6298,0.58,SQLi
2025-06-26T06:39:03Z,"Dubai, AE",25.2048,55.2708,"Rome, IT",41.9028,12.4964,0.95,Botnet
2025-06-25T03:33:58Z,"Los Angeles, US",34.0522,-118.2437,"Toronto, CA",43.6511,-79.3837,0.99,XSS
2025-06-26T22:04:47Z,"Sydney, AU",-33.8688,151.2093,"Beijing, CN",39.9042,116.4074,0.47,XSS
2025-06-26T21:33:45Z,"Lagos, NG",6.5244,3.3792,"Berlin, DE",52.52,13.405,0.98,Port Scan
2025-06-25T19:17:32Z,"Lagos, NG",6.5244,3.3792,"Berlin, DE",52.52,13.405,0.85,Brute Force
2025-06-26T00:13:37Z,"Moscow, RU",55.7558,37.6176,"Seoul, KR",37.5665,126.978,0.53,DDoS
2025-06-26T18:46:34Z,"Lagos, NG",6.5244,3.3792,"Rome, IT",41.9028,12.4964,0.35,Phishing
2025-06-25T08:10:59Z,"Cairo, EG",30.0444,31.2357,"Dubai, AE",25.2048,55.2708,0.87,Malware
2025-06-25T14:11:56Z,"Mexico City, MX",19.4326,-99.1332,"Tokyo, JP",35.6762,139.6503,0.74,XSS
2025-06-26T20:20:56Z,"Toronto, CA",43.6511,-79.3837,"Paris, FR",48.8566,2.3522,0.96,XSS
2025-06-25T00:20:53Z,"Seoul, KR",37.5665,126.978,"Beijing, CN",39.9042,116.4074,0.86,Botnet
2025-06-26T07:56:49Z,"Rome, IT",41.9028,12.4964,"Toronto, CA",43.6511,-79.3837,0.94,Botnet
2025-06-26T17:26:58Z,"Johannesburg, ZA",-26.2041,28.0473,"Toronto, CA",43.6511,-79.3837,0.95,Phishing
2025-06-25T03:23:49Z,"Tel Aviv, IL",32.0853,34.7818,"Seoul, KR",37.5665,126.978,0.93,Phishing
2025-06-26T11:04:38Z,"London, GB",51.5074,-0.1278,"Seoul, KR",37.5665,126.978,0.3,Phishing
2025-06-26T15:20:56Z,"Seoul, KR",37.5665,126.978,"Bangkok, TH",13.7563,100.5018,0.64,SQLi
2025-06-26T03:46:55Z,"Tel Aviv, IL",32.0853,34.7818,"Buenos Aires, AR",-34.6037,-58.3816,0.83,Brute Force
2025-06-26T10:33:29Z,"Buenos Aires, AR",-34.6037,-58.3816,"Moscow, RU",55.7558,37.6176,0.92,Port Scan
2025-06-25T12:20:12Z,"Tel Aviv, IL",32.0853,34.7818,"Toronto, CA",43.6511,-79.3837,0.95,Phishing
2025-06-25T22:54:59Z,"Toronto, CA",43.6511,-79.3837,"Tehran, IR",35.6892,51.389,0.49,Malware
2025-06-25T18:07:23Z,"Chicago, US",41.8781,-87.6298,"Rome, IT",41.9028,12.4964,0.94,Brute Force
2025-06-26T21:52:35Z,"Paris, FR",48.8566,2.3522,"London, GB",51.5074,-0.1278,0.62,Ransomware
2025-06-26T05:36:10Z,"Amsterdam, NL",52.3676,4.9041,"Johannesburg, ZA",-26.2041,28.0473,0.66,SQLi
2025-06-25T05:39:32Z,"Moscow, RU",55.7558,37.6176,"Tehran, IR",35.6892,51.389,0.78,DDoS
2025-06-26T08:52:04Z,"Seoul, KR",37.5665,126.978,"Frankfurt, DE",50.1109,8.6821,0.53,Botnet
2025-06-26T23:13:13Z,"Rome, IT",41.9028,12.4964,"Chicago, US",41.8781,-87.6298,0.77,Port Scan
2025-06-25T09:00:21Z,"San Francisco, US",37.7749,-122.4194,"Seoul, KR",37.5665,126.978,0.69,Phishing
2025-06-25T18:28:35Z,"Los Angeles, US",34.0522,-118.2437,"Dubai, AE",25.2048,55.2708,0.93,Botnet
2025-06-25T15:44:59Z,"Berlin, DE",52.52,13.405,"Singapore, SG",1.3521,103.8198,0.82,Ransomware
2025-06-26T22:23:46Z,"Mexico City, MX",19.4326,-99.1332,"Berlin, DE",52.52,13.405,0.73,Port Scan
2025-06-25T08:55:34Z,"Berlin, DE",52.52,13.405,"Chicago, US",41.8781,-87.6298,0.69,Phishing
2025-06-25T05:10:12Z,"Toronto, CA",43.6511,-79.3837,"Beijing, CN",39.9042,116.4074,0.38,XSS
2025-06-26T05:19:41Z,"Toronto, CA",43.6511,-79.3837,"Los Angeles, US",34.0522,-118.2437,0.74,Data Breach
2025-06-26T17:52:11Z,"Tel Aviv, IL",32.0853,34.7818,"Johannesburg, ZA",-26.2041,28.0473,0.9,Brute Force
2025-06-26T03:21:02Z,"Chicago, US",41.8781,-87.6298,"Istanbul, TR",41.0082,28.9784,0.87,SQLi
2025-06-26T04:07:04Z,"Tokyo, JP",35.6762,139.6503,"Toronto, CA",43.6511,-79.3837,0.82,DDoS
2025-06-25T05:52:04Z,"Singapore, SG",1.3521,103.8198,"London, GB",51.5074,-0.1278,0.35,XSS
2025-06-25T00:31:04Z,"Bangkok, TH",13.7563,100.5018,"Tokyo, JP",35.6762,139.6503,0.51,Brute Force
2025-06-25T14:07:34Z,"Madrid, ES",40.4168,-3.7038,"Toronto, CA",43.6511,-79.3837,0.87,Ransomware
2025-06-25T18:53:11Z,"Frankfurt, DE",50.1109,8.6821,"Johannesburg, ZA",-26.2041,28.0473,0.86,Data Breach
2025-06-26T03:00:33Z,"Tokyo, JP",35.6762,139.6503,"Bangkok, TH",13.7563,100.5018,0.52,Phishing
2025-06-25T03:10:56Z,"Lagos, NG",6.5244,3.3792,"Sydney, AU",-33.8688,151.2093,0.75,Malware
2025-06-25T20:55:57Z,"Seoul, KR",37.5665,126.978,"Berlin, DE",52.52,13.405,0.85,Ransomware
2025-06-26T22:10:12Z,"Seoul, KR",37.5665,126.978,"Chicago, US",41.8781,-87.6298,0.88,Ransomware
2025-06-25T12:58:13Z,"Seoul, KR",37.5665,126.978,"Paris, FR",48.8566,2.3522,0.62,Port Scan
2025-06-26T09:39:03Z,"Toronto, CA",43.6511,-79.3837,"Amsterdam, NL",52.3676,4.9041,0.36,XSS
2025-06-26T17:02:27Z,"Madrid, ES",40.4168,-3.7038,"San Francisco, US",37.7749,-122.4194,0.64,SQLi
2025-06-26T15:00:04Z,"Johannesburg, ZA",-26.2041,28.0473,"Rome, IT",41.9028,12.4964,0.52,XSS
2025-06-25T07:33:45Z,"Moscow, RU",55.7558,37.6176,"Seoul, KR",37.5665,126.978,0.34,Port Scan
2025-06-26T11:40:38Z,"Bangkok, TH",13.7563,100.5018,"Madrid, ES",40.4168,-3.7038,0.83,SQLi
2025-06-25T01:06:32Z,"Mumbai, IN",19.076,72.8777,"London, GB",51.5074,-0.1278,0.93,Data Breach
2025-06-26T15:30:33Z,"Istanbul, TR",41.0082,28.9784,"Seoul, KR",37.5665,126.978,0.31,Port Scan
2025-06-26T12:16:38Z,"São Paulo, BR",-23.55,-46.633,"Moscow, RU",55.7558,37.6176,0.31,Botnet
2025-06-25T11:41:08Z,"Rome, IT",41.9028,12.4964,"Buenos Aires, AR",-34.6037,-58.3816,0.37,Botnet
2025-06-26T13:16:38Z,"Chicago, US",41.8781,-87.6298,"Tokyo, JP",35.6762,139.6503,0.77,Ransomware
2025-06-25T20:58:27Z,"Lagos, NG",6.5244,3.3792,"Moscow, RU",55.7558,37.6176,0.59,Port Scan
2025-06-25T00:08:55Z,"Seoul, KR",37.5665,126.978,"Rome, IT",41.9028,12.4964,0.99,Data Breach
2025-06-25T08:19:18Z,"Lagos, NG",6.5244,3.3792,"Tehran, IR",35.6892,51.389,0.92,DDoS
2025-06-26T08:14:07Z,"Amsterdam, NL",52.3676,4.9041,"Chicago, US",41.8781,-87.6298,0.64,SQLi
2025-06-26T01:20:24Z,"Moscow, RU",55.7558,37.6176,"Berlin, DE",52.52,13.405,0.61,XSS
2025-06-26T05:19:06Z,"Cairo, EG",30.0444,31.2357,"São Paulo, BR",-23.55,-46.633,0.39,XSS
2025-06-26T15:07:14Z,"Toronto, CA",43.6511,-79.3837,"Rome, IT",41.9028,12.4964,0.83,Port Scan
2025-06-26T21:03:15Z,"Johannesburg, ZA",-26.2041,28.0473,"Amsterdam, NL",52.3676,4.9041,0.39,XSS
2025-06-25T23:03:36Z,"Mumbai, IN",19.076,72.8777,"Tokyo, JP",35.6762,139.6503,0.32,SQLi
2025-06-25T16:03:12Z,"Beijing, CN",39.9042,116.4074,"Madrid, ES",40.4168,-3.7038,0.88,Malware
2025-06-25T10:17:40Z,"Beijing, CN",39.9042,116.4074,"Cairo, EG",30.0444,31.2357,0.73,SQLi
2025-06-26T19:39:13Z,"Los Angeles, US",34.0522,-118.2437,"Mexico City, MX",19.4326,-99.1332,0.45,Malware
2025-06-26T19:02:11Z,"Los Angeles, US",34.0522,-118.2437,"Lagos, NG",6.5244,3.3792,0.71,Brute Force
2025-06-26T07:03:08Z,"Bangkok, TH",13.7563,100.5018,"Lagos, NG",6.5244,3.3792,0.31,Malware
2025-06-26T01:18:55Z,"Buenos Aires, AR",-34.6037,-58.3816,"Los Angeles, US",34.0522,-118.2437,0.73,Data Breach
2025-06-26T03:22:51Z,"Chicago, US",41.8781,-87.6298,"Johannesburg, ZA",-26.2041,28.0473,0.98,SQLi
2025-06-25T00:50:05Z,"Frankfurt, DE",50.1109,8.6821,"Johannesburg, ZA",-26.2041,28.0473,0.96,Port Scan
2025-06-26T06:06:07Z,"Buenos Aires, AR",-34.6037,-58.3816,"Rome, IT",41.9028,12.4964,0.37,XSS
2025-06-26T12:33:30Z,"Paris, FR",48.8566,2.3522,"Mexico City, MX",19.4326,-99.1332,0.35,Data Breach
2025-06-25T01:41:06Z,"Sydney, AU",-33.8688,151.2093,"Mexico City, MX",19.4326,-99.1332,0.6,Brute Force
2025-06-25T06:22:39Z,"Frankfurt, DE",50.1109,8.6821,"Tel Aviv, IL",32.0853,34.7818,0.46,Ransomware
2025-06-25T03:40:57Z,"Sydney, AU",-33.8688,151.2093,"Buenos Aires, AR",-34.6037,-58.3816,0.99,XSS
2025-06-26T05:56:57Z,"San Francisco, US",37.7749,-122.4194,"New York, US",40.7128,-74.006,0.56,SQLi
2025-06-25T18:17:13Z,"Lagos, NG",6.5244,3.3792,"Dubai, AE",25.2048,55.2708,0.36,Brute Force
2025-06-26T17:55:01Z,"Seoul, KR",37.5665,126.978,"Mumbai, IN",19.076,72.8777,0.72,Malware
2025-06-26T17:05:48Z,"Los Angeles, US",34.0522,-118.2437,"Berlin, DE",52.52,13.405,0.78,Botnet
2025-06-25T12:44:39Z,"Tokyo, JP",35.6762,139.6503,"Tehran, IR",35.6892,51.389,0.73,Phishing
2025-06-25T07:58:18Z,"Tehran, IR",35.6892,51.389,"Tel Aviv, IL",32.0853,34.7818,0.92,Botnet
2025-06-26T14:39:40Z,"Los Angeles, US",34.0522,-118.2437,"Bangkok, TH",13.7563,100.5018,0.68,Data Breach
2025-06-26T12:48:14Z,"Moscow, RU",55.7558,37.6176,"Cairo, EG",30.0444,31.2357,0.6,DDoS
2025-06-25T05:02:24Z,"Tel Aviv, IL",32.0853,34.7818,"Tehran, IR",35.6892,51.389,0.4,Malware
2025-06-25T04:07:07Z,"Sydney, AU",-33.8688,151.2093,"Berlin, DE",52.52,13.405,0.6,Brute Force
2025-06-26T15:49:18Z,"Toronto, CA",43.6511,-79.3837,"Dubai, AE",25.2048,55.2708,0.42,Brute Force
2025-06-26T11:47:44Z,"New York, US",40.7128,-74.006,"Toronto, CA",43.6511,-79.3837,0.71,SQLi
2025-06-26T03:16:29Z,"São Paulo, BR",-23.55,-46.633,"Lagos, NG",6.5244,3.3792,0.3,DDoS
2025-06-26T00:43:09Z,"Beijing, CN",39.9042,116.4074,"Amsterdam, NL",52.3676,4.9041,0.96,XSS
2025-06-26T08:55:02Z,"Frankfurt, DE",50.1109,8.6821,"Moscow, RU",55.7558,37.6176,0.78,Malware
2025-06-25T22:47:17Z,"Buenos Aires, AR",-34.6037,-58.3816,"Tel Aviv, IL",32.0853,34.7818,0.87,Port Scan
2025-06-25T23:09:49Z,"Lagos, NG",6.5244,3.3792,"Frankfurt, DE",50.1109,8.6821,0.97,Brute Force
2025-06-26T11:34:33Z,"Chicago, US",41.8781,-87.6298,"Rome, IT",41.9028,12.4964,0.37,Brute Force
2025-06-25T15:32:00Z,"Seoul, KR",37.5665,126.978,"Amsterdam, NL",52.3676,4.9041,0.77,Malware
2025-06-26T09:20:15Z,"Chicago, US",41.8781,-87.6298,"Lagos, NG",6.5244,3.3792,0.87,Phishing
2025-06-26T07:18:04Z,"Toronto, CA",43.6511,-79.3837,"Dubai, AE",25.2048,55.2708,0.31,XSS
2025-06-25T21:49:44Z,"Buenos Aires, AR",-34.6037,-58.3816,"Singapore, SG",1.3521,103.8198,0.99,Malware
2025-06-26T11:34:53Z,"Beijing, CN",39.9042,116.4074,"Istanbul, TR",41.0082,28.9784,0.75,Phishing
2025-06-26T17:58:41Z,"Berlin, DE",52.52,13.405,"Tel Aviv, IL",32.0853,34.7818,0.86,Phishing
2025-06-25T10:39:12Z,"Berlin, DE",52.52,13.405,"Seoul, KR",37.5665,126.978,0.32,Malware
2025-06-25T14:30:32Z,"Bangkok, TH",13.7563,100.5018,"Seoul, KR",37.5665,126.978,0.74,Malware
2025-06-25T16:35:07Z,"Chicago, US",41.8781,-87.6298,"Los Angeles, US",34.0522,-118.2437,0.73,Phishing
2025-06-26T12:40:06Z,"Mexico City, MX",19.4326,-99.1332,"Frankfurt, DE",50.1109,8.6821,0.92,XSS
2025-06-26T15:40:49Z,"Tokyo, JP",35.6762,139.6503,"Sydney, AU",-33.8688,151.2093,0.59,Malware
2025-06-25T13:58:07Z,"Singapore, SG",1.3521,103.8198,"Mexico City, MX",19.4326,-99.1332,0.42,Ransomware
2025-06-25T07:18:14Z,"Madrid, ES",40.4168,-3.7038,"New York, US",40.7128,-74.006,0.75,Malware
2025-06-25T22:27:53Z,"Istanbul, TR",41.0082,28.9784,"Madrid, ES",40.4168,-3.7038,0.71,Ransomware
2025-06-25T16:18:10Z,"Sydney, AU",-33.8688,151.2093,"New York, US",40.7128,-74.006,0.33,Phishing
2025-06-25T06:50:43Z,"Buenos Aires, AR",-34.6037,-58.3816,"Tehran, IR",35.6892,51.389,0.66,Botnet
2025-06-26T18:48:13Z,"Berlin, DE",52.52,13.405,"Beijing, CN",39.9042,116.4074,0.54,Data Breach
2025-06-25T11:27:01Z,"Frankfurt, DE",50.1109,8.6821,"Sydney, AU",-33.8688,151.2093,0.63,Malware
2025-06-26T10:54:35Z,"Lagos, NG",6.5244,3.3792,"Mexico City, MX",19.4326,-99.1332,0.62,XSS
2025-06-25T19:56:25Z,"Mexico City, MX",19.4326,-99.1332,"San Francisco, US",37.7749,-122.4194,0.72,Data Breach
2025-06-26T14:37:22Z,"Johannesburg, ZA",-26.2041,28.0473,"Toronto, CA",43.6511,-79.3837,0.34,XSS
2025-06-25T21:07:59Z,"Paris, FR",48.8566,2.3522,"Johannesburg, ZA",-26.2041,28.0473,0.87,Brute Force
2025-06-26T11:03:25Z,"São Paulo, BR",-23.55,-46.633,"Berlin, DE",52.52,13.405,0.69,Phishing
2025-06-26T05:24:34Z,"San Francisco, US",37.7749,-122.4194,"Mexico City, MX",19.4326,-99.1332,0.64,Ransomware
2025-06-26T02:01:49Z,"New York, US",40.7128,-74.006,"Amsterdam, NL",52.3676,4.9041,0.64,Phishing
2025-06-25T21:37:47Z,"Mexico City, MX",19.4326,-99.1332,"Frankfurt, DE",50.1109,8.6821,0.72,Phishing
2025-06-26T03:49:58Z,"Chicago, US",41.8781,-87.6298,"Bangkok, TH",13.7563,100.5018,0.75,Malware
2025-06-26T23:07:23Z,"Moscow, RU",55.7558,37.6176,"New York, US",40.7128,-74.006,0.78,Phishing
2025-06-26T09:29:19Z,"Istanbul, TR",41.0082,28.9784,"Frankfurt, DE",50.1109,8.6821,0.35,Ransomware
2025-06-26T11:32:58Z,"Toronto, CA",43.6511,-79.3837,"Mumbai, IN",19.076,72.8777,0.64,Port Scan
2025-06-26T14:27:46Z,"London, GB",51.5074,-0.1278,"Seoul, KR",37.5665,126.978,0.4,Botnet
2025-06-26T12:47:32Z,"São Paulo, BR",-23.55,-46.633,"Tel Aviv, IL",32.0853,34.7818,0.46,Botnet
2025-06-26T10:02:15Z,"Rome, IT",41.9028,12.4964,"Beijing, CN",39.9042,116.4074,0.46,Data Breach
2025-06-25T08:23:55Z,"Seoul, KR",37.5665,126.978,"London, GB",51.5074,-0.1278,0.59,Phishing
2025-06-26T06:38:47Z,"New York, US",40.7128,-74.006,"Lagos, NG",6.5244,3.3792,0.84,DDoS
2025-06-25T12:21:47Z,"Bangkok, TH",13.7563,100.5018,"Paris, FR",48.8566,2.3522,0.92,Phishing
2025-06-25T00:00:15Z,"London, GB",51.5074,-0.1278,"Beijing, CN",39.9042,116.4074,0.69,Phishing
2025-06-25T12:38:32Z,"Lagos, NG",6.5244,3.3792,"Mexico City, MX",19.4326,-99.1332,0.73,Data Breach
2025-06-26T18:48:08Z,"Seoul, KR",37.5665,126.978,"Istanbul, TR",41.0082,28.9784,0.38,Phishing
2025-06-25T14:04:04Z,"Istanbul, TR",41.0082,28.9784,"Mexico City, MX",19.4326,-99.1332,0.57,Botnet
2025-06-26T05:36:55Z,"Frankfurt, DE",50.1109,8.6821,"Lagos, NG",6.5244,3.3792,0.36,Ransomware
2025-06-25T06:51:40Z,"Dubai, AE",25.2048,55.2708,"New York, US",40.7128,-74.006,0.71,DDoS
2025-06-25T04:59:09Z,"Beijing, CN",39.9042,116.4074,"Cairo, EG",30.0444,31.2357,0.81,XSS
2025-06-25T06:41:41Z,"Tehran, IR",35.6892,51.389,"Frankfurt, DE",50.1109,8.6821,0.91,Botnet
2025-06-26T07:54:46Z,"Amsterdam, NL",52.3676,4.9041,"Sydney, AU",-33.8688,151.2093,0.68,Brute Force
2025-06-25T14:56:05Z,"Tel Aviv, IL",32.0853,34.7818,"New York, US",40.7128,-74.006,0.46,Data Breach
2025-06-25T07:17:38Z,"Dubai, AE",25.2048,55.2708,"Paris, FR",48.8566,2.3522,0.57,Malware
2025-06-26T07:00:15Z,"Los Angeles, US",34.0522,-118.2437,"Paris, FR",48.8566,2.3522,0.53,Brute Force
2025-06-25T05:05:14Z,"Tokyo, JP",35.6762,139.6503,"Dubai, AE",25.2048,55.2708,0.56,Data Breach
2025-06-25T17:19:40Z,"Sydney, AU",-33.8688,151.2093,"Buenos Aires, AR",-34.6037,-58.3816,0.87,XSS
2025-06-25T12:30:30Z,"Paris, FR",48.8566,2.3522,"New York, US",40.7128,-74.006,0.58,Botnet
2025-06-26T21:17:28Z,"Lagos, NG",6.5244,3.3792,"Mumbai, IN",19.076,72.8777,0.52,Malware
2025-06-25T16:12:37Z,"Paris, FR",48.8566,2.3522,"Madrid, ES",40.4168,-3.7038,0.67,Botnet
2025-06-26T20:59:30Z,"Rome, IT",41.9028,12.4964,"Toronto, CA",43.6511,-79.3837,0.82,Malware
2025-06-26T07:06:17Z,"Johannesburg, ZA",-26.2041,28.0473,"Singapore, SG",1.3521,103.8198,0.62,Botnet
2025-06-26T01:34:16Z,"Buenos Aires, AR",-34.6037,-58.3816,"Sydney, AU",-33.8688,151.2093,0.74,Data Breach
2025-06-26T00:45:19Z,"Paris, FR",48.8566,2.3522,"Mumbai, IN",19.076,72.8777,0.44,Data Breach
2025-06-25T13:34:12Z,"Tehran, IR",35.6892,51.389,"Toronto, CA",43.6511,-79.3837,0.7,Ransomware
2025-06-26T00:00:32Z,"Mumbai, IN",19.076,72.8777,"Paris, FR",48.8566,2.3522,0.87,DDoS
2025-06-26T01:41:55Z,"Amsterdam, NL",52.3676,4.9041,"Istanbul, TR",41.0082,28.9784,0.89,Data Breach
2025-06-25T02:46:26Z,"Mexico City, MX",19.4326,-99.1332,"Moscow, RU",55.7558,37.6176,0.98,XSS
2025-06-26T13:56:30Z,"Lagos, NG",6.5244,3.3792,"Chicago, US",41.8781,-87.6298,0.37,XSS
2025-06-26T10:27:32Z,"Rome, IT",41.9028,12.4964,"Tehran, IR",35.6892,51.389,0.93,DDoS
2025-06-25T03:31:29Z,"London, GB",51.5074,-0.1278,"Cairo, EG",30.0444,31.2357,0.66,DDoS
2025-06-25T08:32:33Z,"Bangkok, TH",13.7563,100.5018,"San Francisco, US",37.7749,-122.4194,0.52,Data Breach
2025-06-26T02:48:57Z,"Bangkok, TH",13.7563,100.5018,"Seoul, KR",37.5665,126.978,0.45,Brute Force
2025-06-25T05:51:11Z,"Chicago, US",41.8781,-87.6298,"New York, US",40.7128,-74.006,0.68,Data Breach
2025-06-26T07:58:03Z,"Tokyo, JP",35.6762,139.6503,"Frankfurt, DE",50.1109,8.6821,0.64,Brute Force
2025-06-26T00:45:34Z,"New York, US",40.7128,-74.006,"Lagos, NG",6.5244,3.3792,0.44,Data Breach
2025-06-26T20:25:33Z,"Johannesburg, ZA",-26.2041,28.0473,"Madrid, ES",40.4168,-3.7038,0.71,Port Scan
2025-06-26T17:39:31Z,"Los Angeles, US",34.0522,-118.2437,"Tel Aviv, IL",32.0853,34.7818,0.99,DDoS
2025-06-26T16:15:03Z,"Buenos Aires, AR",-34.6037,-58.3816,"Rome, IT",41.9028,12.4964,0.31,Port Scan
2025-06-26T08:30:37Z,"Chicago, US",41.8781,-87.6298,"Mumbai, IN",19.076,72.8777,0.32,Botnet
2025-06-26T01:29:38Z,"Mumbai, IN",19.076,72.8777,"Amsterdam, NL",52.3676,4.9041,0.95,SQLi
2025-06-25T13:46:48Z,"Seoul, KR",37.5665,126.978,"Amsterdam, NL",52.3676,4.9041,0.45,Data Breach
2025-06-26T08:22:25Z,"Madrid, ES",40.4168,-3.7038,"Los Angeles, US",34.0522,-118.2437,0.55,Port Scan
2025-06-26T12:27:54Z,"Dubai, AE",25.2048,55.2708,"San Francisco, US",37.7749,-122.4194,0.4,Botnet
2025-06-26T15:37:23Z,"Beijing, CN",39.9042,116.4074,"Chicago, US",41.8781,-87.6298,0.99,Data Breach
2025-06-26T19:41:46Z,"Johannesburg, ZA",-26.2041,28.0473,"Moscow, RU",55.7558,37.6176,0.48,SQLi
2025-06-25T12:28:26Z,"London, GB",51.5074,-0.1278,"Rome, IT",41.9028,12.4964,0.46,Ransomware
2025-06-26T11:48:17Z,"Lagos, NG",6.5244,3.3792,"Rome, IT",41.9028,12.4964,0.73,DDoS
2025-06-26T02:49:22Z,"Toronto, CA",43.6511,-79.3837,"Tokyo, JP",35.6762,139.6503,0.89,SQLi
2025-06-26T23:17:13Z,"Lagos, NG",6.5244,3.3792,"Mumbai, IN",19.076,72.8777,0.68,Data Breach
2025-06-26T19:37:40Z,"Singapore, SG",1.3521,103.8198,"São Paulo, BR",-23.55,-46.633,0.95,DDoS
2025-06-26T16:17:15Z,"Bangkok, TH",13.7563,100.5018,"Chicago, US",41.8781,-87.6298,0.73,Botnet
2025-06-25T19:43:30Z,"Lagos, NG",6.5244,3.3792,"Cairo, EG",30.0444,31.2357,0.66,Botnet
2025-06-26T13:45:12Z,"Madrid, ES",40.4168,-3.7038,"São Paulo, BR",-23.55,-46.633,0.59,Brute Force
2025-06-25T20:57:34Z,"Madrid, ES",40.4168,-3.7038,"Tehran, IR",35.6892,51.389,0.94,XSS
2025-06-25T07:14:02Z,"San Francisco, US",37.7749,-122.4194,"Singapore, SG",1.3521,103.8198,0.66,Brute Force
2025-06-25T18:10:59Z,"Cairo, EG",30.0444,31.2357,"Tel Aviv, IL",32.0853,34.7818,0.39,Malware
2025-06-25T17:37:32Z,"Tel Aviv, IL",32.0853,34.7818,"London, GB",51.5074,-0.1278,0.59,Port Scan
2025-06-26T09:34:20Z,"London, GB",51.5074,-0.1278,"New York, US",40.7128,-74.006,0.69,Phishing
2025-06-25T04:56:39Z,"Mumbai, IN",19.076,72.8777,"Los Angeles, US",34.0522,-118.2437,0.44,Phishing
2025-06-26T04:21:29Z,"Buenos Aires, AR",-34.6037,-58.3816,"Seoul, KR",37.5665,126.978,0.72,Ransomware
2025-06-25T14:15:54Z,"São Paulo, BR",-23.55,-46.633,"Tokyo, JP",35.6762,139.6503,0.42,Ransomware
2025-06-26T14:09:00Z,"San Francisco, US",37.7749,-122.4194,"Frankfurt, DE",50.1109,8.6821,0.41,Port Scan
2025-06-26T15:35:44Z,"Tel Aviv, IL",32.0853,34.7818,"Sydney, AU",-33.8688,151.2093,0.37,Phishing
2025-06-25T13:31:08Z,"Cairo, EG",30.0444,31.2357,"Tel Aviv, IL",32.0853,34.7818,0.46,Brute Force
2025-06-26T13:42:28Z,"Dubai, AE",25.2048,55.2708,"Singapore, SG",1.3521,103.8198,0.73,DDoS
2025-06-26T04:44:29Z,"Johannesburg, ZA",-26.2041,28.0473,"Istanbul, TR",41.0082,28.9784,0.49,XSS
2025-06-25T20:10:33Z,"Lagos, NG",6.5244,3.3792,"Tel Aviv, IL",32.0853,34.7818,0.32,Brute Force
2025-06-26T17:11:52Z,"Rome, IT",41.9028,12.4964,"London, GB",51.5074,-0.1278,0.53,XSS
2025-06-25T21:37:26Z,"São Paulo, BR",-23.55,-46.633,"Tehran, IR",35.6892,51.389,0.47,Malware
2025-06-26T20:06:28Z,"Seoul, KR",37.5665,126.978,"Toronto, CA",43.6511,-79.3837,0.96,Ransomware
2025-06-26T04:42:54Z,"Istanbul, TR",41.0082,28.9784,"London, GB",51.5074,-0.1278,0.35,SQLi
2025-06-26T12:56:26Z,"Sydney, AU",-33.8688,151.2093,"Moscow, RU",55.7558,37.6176,0.78,Phishing
2025-06-25T01:27:32Z,"Chicago, US",41.8781,-87.6298,"São Paulo, BR",-23.55,-46.633,0.71,Ransomware
2025-06-26T14:38:23Z,"Mexico City, MX",19.4326,-99.1332,"Mumbai, IN",19.076,72.8777,0.6,Botnet
2025-06-25T18:16:23Z,"Cairo, EG",30.0444,31.2357,"Tel Aviv, IL",32.0853,34.7818,0.55,Malware
2025-06-26T23:48:49Z,"Berlin, DE",52.52,13.405,"Tokyo, JP",35.6762,139.6503,0.97,DDoS
2025-06-25T02:01:00Z,"Moscow, RU",55.7558,37.6176,"Mumbai, IN",19.076,72.8777,0.9,DDoS
2025-06-25T09:33:55Z,"Johannesburg, ZA",-26.2041,28.0473,"Bangkok, TH",13.7563,100.5018,0.36,Malware
2025-06-25T20:46:37Z,"Dubai, AE",25.2048,55.2708,"Rome, IT",41.9028,12.4964,0.86,SQLi
2025-06-25T22:57:34Z,"Tehran, IR",35.6892,51.389,"Beijing, CN",39.9042,116.4074,0.4,Phishing
2025-06-25T07:03:08Z,"Seoul, KR",37.5665,126.978,"London, GB",51.5074,-0.1278,0.85,SQLi
2025-06-26T15:48:10Z,"Frankfurt, DE",50.1109,8.6821,"Tel Aviv, IL",32.0853,34.7818,0.38,Data Breach
2025-06-25T07:43:26Z,"Sydney, AU",-33.8688,151.2093,"Singapore, SG",1.3521,103.8198,0.76,Port Scan
2025-06-26T09:12:31Z,"Mexico City, MX",19.4326,-99.1332,"São Paulo, BR",-23.55,-46.633,0.92,Ransomware
2025-06-26T08:36:00Z,"Amsterdam, NL",52.3676,4.9041,"Tehran, IR",35.6892,51.389,0.51,Port Scan
2025-06-25T05:17:30Z,"Toronto, CA",43.6511,-79.3837,"Tokyo, JP",35.6762,139.6503,0.52,Brute Force
2025-06-26T04:49:55Z,"Madrid, ES",40.4168,-3.7038,"Istanbul, TR",41.0082,28.9784,0.91,Brute Force
2025-06-25T16:15:57Z,"Sydney, AU",-33.8688,151.2093,"Dubai, AE",25.2048,55.2708,0.88,Port Scan
2025-06-25T10:31:43Z,"Istanbul, TR",41.0082,28.9784,"Mexico City, MX",19.4326,-99.1332,0.95,Botnet
2025-06-26T07:05:20Z,"Singapore, SG",1.3521,103.8198,"San Francisco, US",37.7749,-122.4194,0.65,DDoS
2025-06-25T19:54:29Z,"Cairo, EG",30.0444,31.2357,"Tehran, IR",35.6892,51.389,0.78,Brute Force
2025-06-26T14:18:43Z,"Lagos, NG",6.5244,3.3792,"Chicago, US",41.8781,-87.6298,0.78,Brute Force
2025-06-25T04:09:31Z,"Lagos, NG",6.5244,3.3792,"Bangkok, TH",13.7563,100.5018,0.64,XSS
2025-06-26T21:09:41Z,"Madrid, ES",40.4168,-3.7038,"Tokyo, JP",35.6762,139.6503,0.66,Data Breach
2025-06-26T02:30:47Z,"Toronto, CA",43.6511,-79.3837,"Mumbai, IN",19.076,72.8777,0.38,Botnet
2025-06-25T16:28:29Z,"Beijing, CN",39.9042,116.4074,"Mumbai, IN",19.076,72.8777,0.5,Phishing
2025-06-26T13:53:05Z,"Mumbai, IN",19.076,72.8777,"Cairo, EG",30.0444,31.2357,0.47,Botnet
2025-06-26T13:16:09Z,"Madrid, ES",40.4168,-3.7038,"Tokyo, JP",35.6762,139.6503,0.67,Botnet
2025-06-26T14:11:40Z,"London, GB",51.5074,-0.1278,"Toronto, CA",43.6511,-79.3837,0.42,Port Scan
2025-06-25T01:27:13Z,"Madrid, ES",40.4168,-3.7038,"Paris, FR",48.8566,2.3522,0.35,Data Breach
2025-06-25T00:00:42Z,"Cairo, EG",30.0444,31.2357,"Singapore, SG",1.3521,103.8198,0.55,SQLi
2025-06-25T01:47:23Z,"Istanbul, TR",41.0082,28.9784,"Rome, IT",41.9028,12.4964,0.47,XSS
2025-06-26T09:25:52Z,"Bangkok, TH",13.7563,100.5018,"Mumbai, IN",19.076,72.8777,0.94,Malware
2025-06-25T02:01:02Z,"Moscow, RU",55.7558,37.6176,"Rome, IT",41.9028,12.4964,0.83,Brute Force
2025-06-26T11:22:32Z,"Mexico City, MX",19.4326,-99.1332,"Buenos Aires, AR",-34.6037,-58.3816,0.57,Data Breach
2025-06-25T22:40:03Z,"Rome, IT",41.9028,12.4964,"Tel Aviv, IL",32.0853,34.7818,0.62,Malware
2025-06-25T02:19:15Z,"Singapore, SG",1.3521,103.8198,"Frankfurt, DE",50.1109,8.6821,0.99,Brute Force
2025-06-26T17:49:13Z,"Johannesburg, ZA",-26.2041,28.0473,"Frankfurt, DE",50.1109,8.6821,0.36,Phishing
2025-06-25T10:46:31Z,"Berlin, DE",52.52,13.405,"Toronto, CA",43.6511,-79.3837,0.37,Brute Force
2025-06-26T05:39:06Z,"Rome, IT",41.9028,12.4964,"Cairo, EG",30.0444,31.2357,0.64,DDoS
2025-06-26T02:31:53Z,"Chicago, US",41.8781,-87.6298,"Moscow, RU",55.7558,37.6176,0.83,Botnet
2025-06-25T17:45:54Z,"Rome, IT",41.9028,12.4964,"Tel Aviv, IL",32.0853,34.7818,0.95,XSS
2025-06-25T10:49:18Z,"Mexico City, MX",19.4326,-99.1332,"Moscow, RU",55.7558,37.6176,0.3,Data Breach
2025-06-26T05:58:47Z,"Frankfurt, DE",50.1109,8.6821,"Singapore, SG",1.3521,103.8198,0.88,XSS
2025-06-25T08:52:06Z,"São Paulo, BR",-23.55,-46.633,"Madrid, ES",40.4168,-3.7038,0.9,DDoS
2025-06-25T15:27:47Z,"Dubai, AE",25.2048,55.2708,"Buenos Aires, AR",-34.6037,-58.3816,0.49,Ransomware
2025-06-25T22:47:28Z,"Buenos Aires, AR",-34.6037,-58.3816,"Cairo, EG",30.0444,31.2357,0.33,Malware
2025-06-25T13:58:06Z,"Sydney, AU",-33.8688,151.2093,"Berlin, DE",52.52,13.405,0.73,Ransomware
2025-06-26T04:15:27Z,"Beijing, CN",39.9042,116.4074,"Dubai, AE",25.2048,55.2708,0.89,Data Breach
2025-06-25T10:07:02Z,"Singapore, SG",1.3521,103.8198,"London, GB",51.5074,-0.1278,0.91,Brute Force
2025-06-26T09:05:02Z,"Tokyo, JP",35.6762,139.6503,"São Paulo, BR",-23.55,-46.633,0.82,Malware
2025-06-26T08:31:57Z,"Tel Aviv, IL",32.0853,34.7818,"Berlin, DE",52.52,13.405,0.33,DDoS
2025-06-25T13:10:04Z,"Los Angeles, US",34.0522,-118.2437,"Beijing, CN",39.9042,116.4074,0.97,Data Breach
2025-06-26T16:12:47Z,"Mexico City, MX",19.4326,-99.1332,"Madrid, ES",40.4168,-3.7038,0.73,Brute Force
2025-06-25T18:00:06Z,"Paris, FR",48.8566,2.3522,"Amsterdam, NL",52.3676,4.9041,0.57,SQLi
2025-06-26T04:45:29Z,"Tel Aviv, IL",32.0853,34.7818,"Los Angeles, US",34.0522,-118.2437,0.55,DDoS
2025-06-26T17:12:19Z,"Mumbai, IN",19.076,72.8777,"Los Angeles, US",34.0522,-118.2437,0.9,Port Scan
2025-06-26T22:01:17Z,"Buenos Aires, AR",-34.6037,-58.3816,"Los Angeles, US",34.0522,-118.2437,0.61,Ransomware
2025-06-26T13:09:34Z,"Moscow, RU",55.7558,37.6176,"Chicago, US",41.8781,-87.6298,0.59,Data Breach
2025-06-26T19:13:37Z,"Rome, IT",41.9028,12.4964,"Toronto, CA",43.6511,-79.3837,0.39,Botnet
2025-06-25T11:46:27Z,"Mumbai, IN",19.076,72.8777,"Dubai, AE",25.2048,55.2708,0.36,Botnet
2025-06-26T14:35:21Z,"Tokyo, JP",35.6762,139.6503,"São Paulo, BR",-23.55,-46.633,0.49,Data Breach
2025-06-26T20:48:36Z,"Amsterdam, NL",52.3676,4.9041,"Berlin, DE",52.52,13.405,0.7,Botnet
2025-06-25T05:22:12Z,"São Paulo, BR",-23.55,-46.633,"Frankfurt, DE",50.1109,8.6821,0.89,SQLi
2025-06-26T08:15:19Z,"Madrid, ES",40.4168,-3.7038,"Bangkok, TH",13.7563,100.5018,0.49,Data Breach
2025-06-26T11:48:46Z,"Sydney, AU",-33.8688,151.2093,"Chicago, US",41.8781,-87.6298,0.73,Port Scan
2025-06-26T16:42:39Z,"Tel Aviv, IL",32.0853,34.7818,"Singapore, SG",1.3521,103.8198,0.6,Brute Force
2025-06-26T05:07:08Z,"Bangkok, TH",13.7563,100.5018,"Johannesburg, ZA",-26.2041,28.0473,0.57,Brute Force
2025-06-25T16:27:08Z,"Madrid, ES",40.4168,-3.7038,"Paris, FR",48.8566,2.3522,0.67,Port Scan
2025-06-26T06:51:19Z,"Tehran, IR",35.6892,51.389,"London, GB",51.5074,-0.1278,0.91,Ransomware
2025-06-26T07:08:03Z,"San Francisco, US",37.7749,-122.4194,"New York, US",40.7128,-74.006,0.61,Port Scan
2025-06-26T00:18:00Z,"Seoul, KR",37.5665,126.978,"Tokyo, JP",35.6762,139.6503,0.75,DDoS
2025-06-25T05:35:55Z,"Los Angeles, US",34.0522,-118.2437,"Amsterdam, NL",52.3676,4.9041,0.61,SQLi
2025-06-26T06:51:54Z,"Rome, IT",41.9028,12.4964,"Paris, FR",48.8566,2.3522,0.43,Botnet
2025-06-26T08:23:05Z,"Berlin, DE",52.52,13.405,"Lagos, NG",6.5244,3.3792,0.85,Brute Force
2025-06-25T08:32:02Z,"Tokyo, JP",35.6762,139.6503,"Moscow, RU",55.7558,37.6176,0.78,Port Scan
2025-06-25T16:01:00Z,"Toronto, CA",43.6511,-79.3837,"São Paulo, BR",-23.55,-46.633,0.95,Port Scan
2025-06-25T06:32:04Z,"Chicago, US",41.8781,-87.6298,"Tel Aviv, IL",32.0853,34.7818,0.74,DDoS
2025-06-26T03:26:14Z,"Beijing, CN",39.9042,116.4074,"Dubai, AE",25.2048,55.2708,0.43,XSS
2025-06-26T18:46:33Z,"Dubai, AE",25.2048,55.2708,"Chicago, US",41.8781,-87.6298,0.56,Ransomware
2025-06-26T01:29:24Z,"San Francisco, US",37.7749,-122.4194,"Paris, FR",48.8566,2.3522,0.85,Data Breach
2025-06-26T09:35:57Z,"New York, US",40.7128,-74.006,"Bangkok, TH",13.7563,100.5018,0.75,SQLi
2025-06-25T01:17:34Z,"Lagos, NG",6.5244,3.3792,"Tokyo, JP",35.6762,139.6503,0.97,Port Scan
2025-06-25T18:15:16Z,"Sydney, AU",-33.8688,151.2093,"Tokyo, JP",35.6762,139.6503,0.8,SQLi
2025-06-25T10:44:14Z,"Istanbul, TR",41.0082,28.9784,"Madrid, ES",40.4168,-3.7038,0.64,SQLi
2025-06-25T15:12:29Z,"Buenos Aires, AR",-34.6037,-58.3816,"Seoul, KR",37.5665,126.978,0.35,XSS
2025-06-25T23:50:39Z,"Rome, IT",41.9028,12.4964,"Singapore, SG",1.3521,103.8198,0.48,Malware
2025-06-26T12:59:33Z,"Rome, IT",41.9028,12.4964,"Moscow, RU",55.7558,37.6176,0.83,Data Breach
2025-06-25T17:08:18Z,"Mexico City, MX",19.4326,-99.1332,"Chicago, US",41.8781,-87.6298,0.36,Data Breach
2025-06-25T16:27:24Z,"Frankfurt, DE",50.1109,8.6821,"Mexico City, MX",19.4326,-99.1332,0.41,Port Scan
2025-06-25T02:31:53Z,"Tel Aviv, IL",32.0853,34.7818,"São Paulo, BR",-23.55,-46.633,0.92,DDoS
2025-06-26T09:30:31Z,"Amsterdam, NL",52.3676,4.9041,"Buenos Aires, AR",-34.6037,-58.3816,0.76,Botnet
2025-06-25T11:17:55Z,"Tel Aviv, IL",32.0853,34.7818,"Dubai, AE",25.2048,55.2708,0.34,Port Scan
2025-06-25T16:47:25Z,"Seoul, KR",37.5665,126.978,"Frankfurt, DE",50.1109,8.6821,0.54,Data Breach
2025-06-25T02:34:44Z,"Toronto, CA",43.6511,-79.3837,"Singapore, SG",1.3521,103.8198,0.38,DDoS
2025-06-25T19:19:59Z,"Chicago, US",41.8781,-87.6298,"Tehran, IR",35.6892,51.389,0.6,Port Scan
2025-06-26T00:26:52Z,"Singapore, SG",1.3521,103.8198,"Paris, FR",48.8566,2.3522,0.98,Data Breach
2025-06-26T06:20:01Z,"Dubai, AE",25.2048,55.2708,"Moscow, RU",55.7558,37.6176,0.52,XSS
2025-06-25T23:03:01Z,"Mexico City, MX",19.4326,-99.1332,"Moscow, RU",55.7558,37.6176,0.86,Ransomware
2025-06-25T20:17:56Z,"Sydney, AU",-33.8688,151.2093,"Cairo, EG",30.0444,31.2357,0.99,Malware
2025-06-26T10:37:16Z,"Buenos Aires, AR",-34.6037,-58.3816,"Berlin, DE",52.52,13.405,0.42,Port Scan
2025-06-26T07:29:27Z,"Tokyo, JP",35.6762,139.6503,"Singapore, SG",1.3521,103.8198,0.92,Port Scan
2025-06-25T23:41:16Z,"Tokyo, JP",35.6762,139.6503,"Tehran, IR",35.6892,51.389,0.35,SQLi
2025-06-25T11:12:52Z,"Istanbul, TR",41.0082,28.9784,"Los Angeles, US",34.0522,-118.2437,0.61,XSS
2025-06-26T19:20:15Z,"Dubai, AE",25.2048,55.2708,"Buenos Aires, AR",-34.6037,-58.3816,0.65,Ransomware
2025-06-25T10:19:14Z,"Beijing, CN",39.9042,116.4074,"Chicago, US",41.8781,-87.6298,0.6,Botnet
2025-06-25T08:30:51Z,"Amsterdam, NL",52.3676,4.9041,"Paris, FR",48.8566,2.3522,0.7,Brute Force
2025-06-25T10:41:06Z,"Mumbai, IN",19.076,72.8777,"Tehran, IR",35.6892,51.389,0.7,Port Scan
2025-06-25T21:38:38Z,"Singapore, SG",1.3521,103.8198,"Berlin, DE",52.52,13.405,0.42,Botnet
2025-06-26T10:41:36Z,"Frankfurt, DE",50.1109,8.6821,"Rome, IT",41.9028,12.4964,0.33,Phishing
2025-06-26T20:48:14Z,"Seoul, KR",37.5665,126.978,"Rome, IT",41.9028,12.4964,0.88,Phishing
2025-06-26T04:20:31Z,"Los Angeles, US",34.0522,-118.2437,"Dubai, AE",25.2048,55.2708,0.67,Botnet
2025-06-26T04:57:22Z,"London, GB",51.5074,-0.1278,"Cairo, EG",30.0444,31.2357,0.56,XSS
2025-06-26T05:28:34Z,"New York, US",40.7128,-74.006,"Sydney, AU",-33.8688,151.2093,0.76,Botnet
2025-06-26T22:03:52Z,"Bangkok, TH",13.7563,100.5018,"Cairo, EG",30.0444,31.2357,0.94,DDoS
2025-06-26T16:55:44Z,"Cairo, EG",30.0444,31.2357,"Lagos, NG",6.5244,3.3792,0.64,SQLi
2025-06-26T00:05:18Z,"Istanbul, TR",41.0082,28.9784,"Beijing, CN",39.9042,116.4074,0.83,Brute Force
2025-06-26T04:23:10Z,"Lagos, NG",6.5244,3.3792,"Frankfurt, DE",50.1109,8.6821,0.5,Port Scan
2025-06-26T01:00:23Z,"Lagos, NG",6.5244,3.3792,"San Francisco, US",37.7749,-122.4194,0.36,Ransomware
2025-06-26T18:33:50Z,"Rome, IT",41.9028,12.4964,"Seoul, KR",37.5665,126.978,0.65,Phishing
2025-06-26T00:53:38Z,"Los Angeles, US",34.0522,-118.2437,"Tel Aviv, IL",32.0853,34.7818,0.77,Data Breach
2025-06-26T09:41:58Z,"San Francisco, US",37.7749,-122.4194,"Frankfurt, DE",50.1109,8.6821,0.42,Data Breach
2025-06-25T23:22:25Z,"São Paulo, BR",-23.55,-46.633,"Istanbul, TR",41.0082,28.9784,0.35,Botnet
2025-06-25T21:12:35Z,"Berlin, DE",52.52,13.405,"San Francisco, US",37.7749,-122.4194,0.31,Ransomware
2025-06-26T09:23:43Z,"Moscow, RU",55.7558,37.6176,"Berlin, DE",52.52,13.405,0.49,Phishing
2025-06-25T07:10:02Z,"Chicago, US",41.8781,-87.6298,"Johannesburg, ZA",-26.2041,28.0473,0.94,XSS
2025-06-25T15:49:54Z,"Bangkok, TH",13.7563,100.5018,"London, GB",51.5074,-0.1278,0.7,Brute Force
2025-06-26T00:55:45Z,"Toronto, CA",43.6511,-79.3837,"Chicago, US",41.8781,-87.6298,0.46,Botnet
2025-06-26T23:47:08Z,"Frankfurt, DE",50.1109,8.6821,"Seoul, KR",37.5665,126.978,0.54,Brute Force
2025-06-25T04:27:37Z,"Sydney, AU",-33.8688,151.2093,"Amsterdam, NL",52.3676,4.9041,0.54,Data Breach
2025-06-26T21:22:52Z,"São Paulo, BR",-23.55,-46.633,"Chicago, US",41.8781,-87.6298,0.87,Ransomware
2025-06-26T11:17:14Z,"Bangkok, TH",13.7563,100.5018,"Dubai, AE",25.2048,55.2708,0.66,Port Scan
2025-06-25T13:47:50Z,"San Francisco, US",37.7749,-122.4194,"Frankfurt, DE",50.1109,8.6821,0.69,Malware
2025-06-25T12:40:02Z,"Buenos Aires, AR",-34.6037,-58.3816,"Amsterdam, NL",52.3676,4.9041,0.53,DDoS
2025-06-25T12:42:38Z,"São Paulo, BR",-23.55,-46.633,"Frankfurt, DE",50.1109,8.6821,0.35,XSS
2025-06-26T07:36:19Z,"Singapore, SG",1.3521,103.8198,"Lagos, NG",6.5244,3.3792,0.99,Port Scan
2025-06-26T18:49:20Z,"Singapore, SG",1.3521,103.8198,"São Paulo, BR",-23.55,-46.633,0.97,XSS
2025-06-25T08:21:51Z,"Istanbul, TR",41.0082,28.9784,"Rome, IT",41.9028,12.4964,0.41,Data Breach
2025-06-25T11:58:54Z,"Johannesburg, ZA",-26.2041,28.0473,"Mexico City, MX",19.4326,-99.1332,0.9,Port Scan
2025-06-26T11:50:26Z,"Tehran, IR",35.6892,51.389,"New York, US",40.7128,-74.006,0.58,Malware
2025-06-26T04:51:00Z,"Mexico City, MX",19.4326,-99.1332,"London, GB",51.5074,-0.1278,0.35,DDoS
2025-06-25T06:38:42Z,"Chicago, US",41.8781,-87.6298,"Johannesburg, ZA",-26.2041,28.0473,0.38,Data Breach
2025-06-25T07:33:30Z,"Dubai, AE",25.2048,55.2708,"Buenos Aires, AR",-34.6037,-58.3816,0.96,Data Breach
2025-06-26T01:14:45Z,"São Paulo, BR",-23.55,-46.633,"Tel Aviv, IL",32.0853,34.7818,0.92,Malware
2025-06-26T10:53:08Z,"Buenos Aires, AR",-34.6037,-58.3816,"Lagos, NG",6.5244,3.3792,0.36,Phishing
2025-06-26T17:15:42Z,"Mumbai, IN",19.076,72.8777,"Lagos, NG",6.5244,3.3792,0.46,Phishing
2025-06-26T18:50:19Z,"Lagos, NG",6.5244,3.3792,"Beijing, CN",39.9042,116.4074,0.71,XSS
2025-06-26T09:30:46Z,"Mexico City, MX",19.4326,-99.1332,"Berlin, DE",52.52,13.405,0.69,Data Breach
2025-06-25T02:42:40Z,"Madrid, ES",40.4168,-3.7038,"Rome, IT",41.9028,12.4964,0.32,DDoS
2025-06-25T20:52:36Z,"Seoul, KR",37.5665,126.978,"London, GB",51.5074,-0.1278,0.34,Malware
2025-06-26T03:50:21Z,"Amsterdam, NL",52.3676,4.9041,"San Francisco, US",37.7749,-122.4194,0.39,DDoS
2025-06-25T18:14:08Z,"Johannesburg, ZA",-26.2041,28.0473,"São Paulo, BR",-23.55,-46.633,0.63,DDoS
2025-06-26T00:21:11Z,"Los Angeles, US",34.0522,-118.2437,"Amsterdam, NL",52.3676,4.9041,0.37,XSS
2025-06-26T22:55:40Z,"Tehran, IR",35.6892,51.389,"Sydney, AU",-33.8688,151.2093,0.51,Ransomware
2025-06-26T04:32:27Z,"Tokyo, JP",35.6762,139.6503,"Berlin, DE",52.52,13.405,0.57,Ransomware
2025-06-25T06:17:50Z,"Singapore, SG",1.3521,103.8198,"Tel Aviv, IL",32.0853,34.7818,0.78,Phishing
2025-06-26T01:36:39Z,"Seoul, KR",37.5665,126.978,"Tel Aviv, IL",32.0853,34.7818,0.42,Malware
2025-06-25T06:01:48Z,"Beijing, CN",39.9042,116.4074,"Cairo, EG",30.0444,31.2357,0.63,Phishing
2025-06-26T05:52:32Z,"London, GB",51.5074,-0.1278,"Chicago, US",41.8781,-87.6298,0.49,Data Breach
2025-06-25T18:41:11Z,"São Paulo, BR",-23.55,-46.633,"Los Angeles, US",34.0522,-118.2437,0.67,Phishing
2025-06-26T16:27:34Z,"New York, US",40.7128,-74.006,"Seoul, KR",37.5665,126.978,0.52,Malware
2025-06-25T16:07:02Z,"Beijing, CN",39.9042,116.4074,"Toronto, CA",43.6511,-79.3837,0.89,Ransomware
2025-06-25T04:23:31Z,"Los Angeles, US",34.0522,-118.2437,"Paris, FR",48.8566,2.3522,0.56,Data Breach
2025-06-26T20:55:16Z,"Singapore, SG",1.3521,103.8198,"Mumbai, IN",19.076,72.8777,0.66,Data Breach
2025-06-26T07:01:14Z,"New York, US",40.7128,-74.006,"Chicago, US",41.8781,-87.6298,0.46,Phishing
2025-06-25T23:23:02Z,"San Francisco, US",37.7749,-122.4194,"Mexico City, MX",19.4326,-99.1332,0.9,Phishing
2025-06-26T14:04:36Z,"São Paulo, BR",-23.55,-46.633,"Mexico City, MX",19.4326,-99.1332,0.54,Port Scan
2025-06-25T09:44:50Z,"Singapore, SG",1.3521,103.8198,"Paris, FR",48.8566,2.3522,0.32,Data Breach
2025-06-25T00:14:06Z,"Bangkok, TH",13.7563,100.5018,"São Paulo, BR",-23.55,-46.633,0.31,DDoS
2025-06-26T17:46:11Z,"Madrid, ES",40.4168,-3.7038,"Frankfurt, DE",50.1109,8.6821,0.5,SQLi
2025-06-25T04:36:14Z,"Chicago, US",41.8781,-87.6298,"Frankfurt, DE",50.1109,8.6821,0.71,Port Scan
2025-06-25T17:23:46Z,"Sydney, AU",-33.8688,151.2093,"Rome, IT",41.9028,12.4964,0.7,XSS
2025-06-26T05:42:07Z,"Berlin, DE",52.52,13.405,"São Paulo, BR",-23.55,-46.633,0.68,Botnet
2025-06-25T04:56:14Z,"Lagos, NG",6.5244,3.3792,"Toronto, CA",43.6511,-79.3837,0.53,Malware
2025-06-25T18:56:26Z,"Lagos, NG",6.5244,3.3792,"Dubai, AE",25.2048,55.2708,0.51,Botnet
2025-06-26T14:14:46Z,"Mumbai, IN",19.076,72.8777,"Cairo, EG",30.0444,31.2357,0.68,Ransomware
2025-06-25T02:11:05Z,"Berlin, DE",52.52,13.405,"Tokyo, JP",35.6762,139.6503,0.68,XSS
2025-06-25T09:01:55Z,"Singapore, SG",1.3521,103.8198,"Buenos Aires, AR",-34.6037,-58.3816,0.58,Botnet
2025-06-26T23:32:10Z,"London, GB",51.5074,-0.1278,"Lagos, NG",6.5244,3.3792,0.45,Data Breach
2025-06-26T02:07:04Z,"Buenos Aires, AR",-34.6037,-58.3816,"Paris, FR",48.8566,2.3522,0.34,DDoS
2025-06-26T14:16:56Z,"Tokyo, JP",35.6762,139.6503,"Rome, IT",41.9028,12.4964,0.36,Port Scan
2025-06-25T03:40:39Z,"Tehran, IR",35.6892,51.389,"Berlin, DE",52.52,13.405,0.81,Brute Force
2025-06-26T16:15:49Z,"Buenos Aires, AR",-34.6037,-58.3816,"Singapore, SG",1.3521,103.8198,0.46,DDoS
2025-06-25T00:52:32Z,"Johannesburg, ZA",-26.2041,28.0473,"Seoul, KR",37.5665,126.978,0.45,Brute Force
2025-06-26T23:17:07Z,"Amsterdam, NL",52.3676,4.9041,"Lagos, NG",6.5244,3.3792,0.84,DDoS
2025-06-25T08:15:24Z,"Toronto, CA",43.6511,-79.3837,"London, GB",51.5074,-0.1278,0.55,XSS
2025-06-25T03:49:47Z,"Johannesburg, ZA",-26.2041,28.0473,"Buenos Aires, AR",-34.6037,-58.3816,0.96,Port Scan
2025-06-26T16:40:38Z,"Sydney, AU",-33.8688,151.2093,"Amsterdam, NL",52.3676,4.9041,0.68,SQLi
2025-06-26T07:20:50Z,"Mumbai, IN",19.076,72.8777,"Lagos, NG",6.5244,3.3792,0.52,Phishing
2025-06-26T01:15:22Z,"Los Angeles, US",34.0522,-118.2437,"Mexico City, MX",19.4326,-99.1332,0.7,Botnet
2025-06-25T16:27:06Z,"Tel Aviv, IL",32.0853,34.7818,"Rome, IT",41.9028,12.4964,0.46,XSS
2025-06-26T19:45:20Z,"Cairo, EG",30.0444,31.2357,"Bangkok, TH",13.7563,100.5018,0.91,Port Scan
2025-06-25T16:31:47Z,"Cairo, EG",30.0444,31.2357,"Lagos, NG",6.5244,3.3792,0.89,Port Scan
2025-06-26T18:55:12Z,"Lagos, NG",6.5244,3.3792,"Frankfurt, DE",50.1109,8.6821,0.74,Ransomware
2025-06-26T06:58:05Z,"Mexico City, MX",19.4326,-99.1332,"Los Angeles, US",34.0522,-118.2437,0.76,Data Breach
2025-06-26T13:21:26Z,"San Francisco, US",37.7749,-122.4194,"Tehran, IR",35.6892,51.389,0.89,SQLi
2025-06-26T04:03:21Z,"Mumbai, IN",19.076,72.8777,"London, GB",51.5074,-0.1278,0.49,XSS
2025-06-26T07:11:21Z,"San Francisco, US",37.7749,-122.4194,"Amsterdam, NL",52.3676,4.9041,0.86,DDoS
2025-06-26T06:46:35Z,"Frankfurt, DE",50.1109,8.6821,"Lagos, NG",6.5244,3.3792,0.66,Ransomware
2025-06-25T20:19:35Z,"Berlin, DE",52.52,13.405,"Beijing, CN",39.9042,116.4074,0.5,Ransomware
2025-06-26T09:02:14Z,"Amsterdam, NL",52.3676,4.9041,"São Paulo, BR",-23.55,-46.633,0.42,SQLi
2025-06-25T06:10:20Z,"Johannesburg, ZA",-26.2041,28.0473,"Frankfurt, DE",50.1109,8.6821,0.94,Port Scan
2025-06-25T13:20:28Z,"Mumbai, IN",19.076,72.8777,"London, GB",51.5074,-0.1278,0.8,Botnet
2025-06-25T10:45:12Z,"Chicago, US",41.8781,-87.6298,"Sydney, AU",-33.8688,151.2093,0.45,Port Scan
2025-06-25T23:26:30Z,"Berlin, DE",52.52,13.405,"San Francisco, US",37.7749,-122.4194,0.35,Data Breach
2025-06-26T06:25:13Z,"Frankfurt, DE",50.1109,8.6821,"Lagos, NG",6.5244,3.3792,0.99,Botnet
2025-06-25T01:40:48Z,"Toronto, CA",43.6511,-79.3837,"Johannesburg, ZA",-26.2041,28.0473,0.43,SQLi
2025-06-26T22:28:25Z,"São Paulo, BR",-23.55,-46.633,"New York, US",40.7128,-74.006,0.49,Phishing
2025-06-25T07:02:48Z,"Berlin, DE",52.52,13.405,"Amsterdam, NL",52.3676,4.9041,0.65,Brute Force
2025-06-26T22:58:14Z,"Istanbul, TR",41.0082,28.9784,"Tokyo, JP",35.6762,139.6503,0.41,Port Scan
2025-06-25T00:54:02Z,"Lagos, NG",6.5244,3.3792,"São Paulo, BR",-23.55,-46.633,0.36,Ransomware
2025-06-25T13:45:31Z,"Beijing, CN",39.9042,116.4074,"Rome, IT",41.9028,12.4964,0.34,Botnet
2025-06-25T19:24:58Z,"Seoul, KR",37.5665,126.978,"Sydney, AU",-33.8688,151.2093,0.41,XSS
2025-06-26T00:45:41Z,"Bangkok, TH",13.7563,100.5018,"Beijing, CN",39.9042,116.4074,0.98,DDoS
2025-06-26T04:22:35Z,"Johannesburg, ZA",-26.2041,28.0473,"Tehran, IR",35.6892,51.389,0.86,Ransomware
2025-06-26T11:35:07Z,"San Francisco, US",37.7749,-122.4194,"Buenos Aires, AR",-34.6037,-58.3816,0.66,Ransomware
2025-06-26T19:58:20Z,"Johannesburg, ZA",-26.2041,28.0473,"Mexico City, MX",19.4326,-99.1332,0.92,Ransomware
2025-06-25T19:47:39Z,"Lagos, NG",6.5244,3.3792,"Rome, IT",41.9028,12.4964,0.51,XSS
2025-06-25T12:29:10Z,"London, GB",51.5074,-0.1278,"Frankfurt, DE",50.1109,8.6821,0.57,Phishing
2025-06-26T07:31:52Z,"London, GB",51.5074,-0.1278,"Los Angeles, US",34.0522,-118.2437,0.81,Botnet
2025-06-26T19:07:59Z,"Rome, IT",41.9028,12.4964,"Moscow, RU",55.7558,37.6176,0.67,SQLi
2025-06-25T08:45:43Z,"Frankfurt, DE",50.1109,8.6821,"Buenos Aires, AR",-34.6037,-58.3816,0.96,XSS
2025-06-25T22:48:01Z,"Berlin, DE",52.52,13.405,"Dubai, AE",25.2048,55.2708,0.69,DDoS
2025-06-25T10:11:38Z,"Toronto, CA",43.6511,-79.3837,"Dubai, AE",25.2048,55.2708,0.61,Port Scan
2025-06-25T07:24:44Z,"Tel Aviv, IL",32.0853,34.7818,"Chicago, US",41.8781,-87.6298,0.36,Botnet
2025-06-25T01:45:41Z,"Tokyo, JP",35.6762,139.6503,"Beijing, CN",39.9042,116.4074,0.69,Phishing
2025-06-25T17:46:28Z,"Lagos, NG",6.5244,3.3792,"Berlin, DE",52.52,13.405,0.65,Ransomware
2025-06-26T09:08:13Z,"Moscow, RU",55.7558,37.6176,"Cairo, EG",30.0444,31.2357,0.91,Phishing
2025-06-26T05:07:19Z,"Buenos Aires, AR",-34.6037,-58.3816,"Berlin, DE",52.52,13.405,0.76,SQLi
2025-06-25T01:38:14Z,"Tel Aviv, IL",32.0853,34.7818,"Tehran, IR",35.6892,51.389,0.9,XSS
2025-06-25T19:48:08Z,"Amsterdam, NL",52.3676,4.9041,"Istanbul, TR",41.0082,28.9784,0.9,SQLi
2025-06-26T14:16:55Z,"Berlin, DE",52.52,13.405,"Seoul, KR",37.5665,126.978,0.84,SQLi
2025-06-26T15:26:03Z,"Rome, IT",41.9028,12.4964,"Mumbai, IN",19.076,72.8777,0.44,Malware
2025-06-26T21:31:40Z,"Seoul, KR",37.5665,126.978,"Singapore, SG",1.3521,103.8198,0.6,Botnet
2025-06-25T02:30:54Z,"London, GB",51.5074,-0.1278,"Istanbul, TR",41.0082,28.9784,0.42,Ransomware
2025-06-25T06:01:47Z,"Buenos Aires, AR",-34.6037,-58.3816,"Tokyo, JP",35.6762,139.6503,0.54,Botnet
2025-06-25T07:48:33Z,"Johannesburg, ZA",-26.2041,28.0473,"Lagos, NG",6.5244,3.3792,0.56,XSS
2025-06-25T11:04:20Z,"Paris, FR",48.8566,2.3522,"Lagos, NG",6.5244,3.3792,0.54,Data Breach
2025-06-26T03:03:50Z,"New York, US",40.7128,-74.006,"Tehran, IR",35.6892,51.389,0.51,Botnet
2025-06-25T21:01:08Z,"Buenos Aires, AR",-34.6037,-58.3816,"Mumbai, IN",19.076,72.8777,0.35,Botnet
2025-06-26T05:46:20Z,"Paris, FR",48.8566,2.3522,"Los Angeles, US",34.0522,-118.2437,0.82,Malware
2025-06-25T13:42:40Z,"New York, US",40.7128,-74.006,"Frankfurt, DE",50.1109,8.6821,0.31,XSS
2025-06-26T14:14:59Z,"Johannesburg, ZA",-26.2041,28.0473,"São Paulo, BR",-23.55,-46.633,0.77,SQLi
2025-06-26T14:05:26Z,"São Paulo, BR",-23.55,-46.633,"Mumbai, IN",19.076,72.8777,0.51,Botnet
2025-06-25T05:51:55Z,"Tel Aviv, IL",32.0853,34.7818,"Chicago, US",41.8781,-87.6298,0.56,Brute Force
2025-06-25T17:14:45Z,"London, GB",51.5074,-0.1278,"Frankfurt, DE",50.1109,8.6821,0.8,DDoS
2025-06-26T15:27:15Z,"Amsterdam, NL",52.3676,4.9041,"New York, US",40.7128,-74.006,0.65,SQLi
2025-06-25T05:22:15Z,"Singapore, SG",1.3521,103.8198,"Seoul, KR",37.5665,126.978,0.67,Phishing
2025-06-25T17:20:24Z,"Mumbai, IN",19.076,72.8777,"Tehran, IR",35.6892,51.389,0.3,Ransomware
